customer_id,visit_date,kiosk_id,city,visit_number,weekday_flag,dwell_time_minutes,promo_exposed,spend_amount,items_purchased,payment_type
C0001,2024-05-13,K15,Denpasar,1,1,17.45181455846823,0,15.76,2,wallet
C0002,2024-02-07,K4,Surabaya,1,1,15.603865245702888,1,16.29,3,wallet
C0002,2024-04-27,K5,Denpasar,2,0,7.106181421088463,0,6.71,1,card
C0002,2024-04-04,K20,Bandung,3,1,14.585078650589802,1,24.91,2,cash
C0003,2024-12-11,K1,Medan,1,1,6.372554763508117,0,10.27,1,wallet
C0003,2024-11-23,K19,Denpasar,2,0,18.509245840800475,0,5.02,1,wallet
C0004,2024-10-28,K14,Medan,1,1,12.278624561443474,0,0.0,0,cash
C0004,2024-11-04,K9,Bandung,2,1,16.26123244515134,1,17.58,2,card
C0005,2024-12-12,K12,Bandung,1,1,10.771284679570279,0,0.54,2,cash
C0005,2024-06-09,K18,Denpasar,2,0,14.226994122058702,0,6.69,2,wallet
C0006,2024-12-25,K13,Bandung,1,1,12.990423803839274,0,8.43,1,card
C0006,2024-10-12,K1,Bandung,2,0,18.94291134520144,0,7.44,2,card
C0007,2024-05-11,K7,Bandung,1,0,2.0,0,0.0,0,wallet
C0007,2024-06-10,K3,Bandung,2,1,18.357775474970794,0,15.95,2,cash
C0007,2024-08-16,K1,Medan,3,1,10.246592360606064,0,0.0,0,card
C0008,2024-06-13,K14,Surabaya,1,1,10.85391974223204,0,0.0,0,card
C0008,2024-03-25,K19,Medan,2,1,18.83685127360997,1,0.0,0,cash
C0008,2024-08-21,K12,Medan,3,1,5.597853237518585,0,16.18,2,wallet
C0008,2024-12-20,K17,Surabaya,4,1,13.422362945847702,0,25.57,1,card
C0009,2024-01-09,K7,Jakarta,1,1,12.85432719063971,1,8.58,2,wallet
C0009,2024-04-07,K11,Surabaya,2,0,11.080083318236603,0,0.0,0,card
C0010,2024-01-17,K6,Bandung,1,1,11.895756196674318,0,26.34,1,card
C0011,2024-06-21,K2,Medan,1,1,9.522463317652582,1,21.08,1,cash
C0012,2024-10-08,K11,Bandung,1,1,18.706559598500675,0,0.0,0,wallet
C0012,2024-02-24,K5,Jakarta,2,0,13.488801254591987,0,3.83,3,wallet
C0013,2024-07-19,K9,Jakarta,1,1,20.274891878682926,0,1.43,1,cash
C0013,2024-05-10,K12,Medan,2,1,8.478604347050535,1,0.0,0,card
C0013,2024-10-01,K12,Bandung,3,1,17.050707302143092,1,13.39,1,wallet
C0013,2024-07-16,K9,Denpasar,4,1,15.672264037251502,1,10.18,2,card
C0013,2024-10-08,K18,Bandung,5,1,17.26576426666452,1,3.12,2,card
C0014,2024-04-12,K3,Medan,1,1,6.787575628864307,1,0.0,0,cash
C0015,2024-12-14,K1,Denpasar,1,0,5.252682142872382,0,19.6,2,wallet
C0015,2024-09-07,K3,Bandung,2,0,9.413557749498139,0,12.71,1,card
C0016,2024-09-22,K7,Medan,1,0,19.0467372009279,1,0.0,0,cash
C0017,2024-06-06,K14,Jakarta,1,1,20.06984910363722,0,13.42,1,card
C0017,2024-05-19,K7,Bandung,2,0,16.009286660200832,1,4.81,2,cash
C0018,2024-02-28,K14,Surabaya,1,1,14.986530207326538,0,5.62,1,cash
C0018,2024-08-28,K17,Jakarta,2,1,14.540948887460651,1,11.74,2,card
C0018,2024-06-26,K9,Medan,3,1,8.670307586023018,0,32.7,2,card
C0018,2024-11-18,K9,Bandung,4,1,14.717495513946709,0,0.0,0,cash
C0018,2024-05-03,K5,Surabaya,5,1,14.75533872737954,0,17.47,1,wallet
C0019,2024-10-27,K3,Surabaya,1,0,17.51856934695299,1,8.59,3,wallet
C0020,2024-02-28,K11,Denpasar,1,1,17.333373447945768,1,9.22,2,cash
C0021,2024-02-14,K10,Surabaya,1,1,9.29050437805726,1,18.39,2,wallet
C0021,2024-07-24,K2,Denpasar,2,1,12.955495340099517,1,13.18,3,cash
C0021,2024-12-09,K19,Surabaya,3,1,17.93193706107644,0,8.64,3,wallet
C0021,2024-10-04,K18,Medan,4,1,17.36815874929886,0,6.9,2,card
C0022,2024-04-29,K18,Denpasar,1,1,6.867423502944699,0,0.0,0,cash
C0023,2024-01-07,K1,Bandung,1,0,11.435041090659567,1,0.0,0,card
C0023,2024-02-08,K11,Medan,2,1,14.31861928695216,0,2.66,3,cash
C0023,2024-12-02,K15,Denpasar,3,1,5.863701095395713,0,12.65,3,cash
C0024,2024-01-15,K17,Jakarta,1,1,14.51211064595206,0,24.3,3,wallet
C0025,2024-05-24,K8,Bandung,1,1,20.60415148559767,1,0.0,0,card
C0026,2024-06-29,K9,Jakarta,1,0,19.505194200022302,0,24.01,2,card
C0027,2024-12-09,K15,Bandung,1,1,10.07469869070247,1,28.51,1,wallet
C0028,2024-09-23,K15,Medan,1,1,9.983552490134398,1,6.75,2,wallet
C0028,2024-08-29,K1,Denpasar,2,1,12.188301165839688,0,3.86,2,cash
C0028,2024-06-14,K12,Jakarta,3,1,15.116549033273019,1,16.49,1,card
C0028,2024-01-09,K8,Surabaya,4,1,8.765316111472131,1,8.72,2,card
C0028,2024-01-07,K3,Jakarta,5,0,17.86119623379197,0,31.43,2,cash
C0029,2024-03-27,K14,Medan,1,1,9.879807090002505,1,34.88,1,wallet
C0030,2024-11-02,K6,Surabaya,1,0,5.443894949124424,0,0.0,0,card
C0030,2024-07-20,K15,Jakarta,2,0,10.316886363394197,1,18.71,2,card
C0030,2024-10-19,K20,Medan,3,0,4.190965693022642,1,10.82,2,card
C0031,2024-10-21,K19,Surabaya,1,1,22.00868551265068,1,0.0,0,card
C0031,2024-02-09,K10,Medan,2,1,8.413560250219609,0,14.17,2,cash
C0031,2024-11-20,K9,Medan,3,1,20.0503373434669,0,0.0,0,cash
C0032,2024-12-10,K5,Denpasar,1,1,17.538602251408502,0,1.58,1,cash
C0032,2024-10-13,K3,Surabaya,2,0,8.459605669029294,0,0.0,0,cash
C0032,2024-05-12,K11,Medan,3,0,7.808062544410574,0,0.0,0,card
C0033,2024-07-22,K12,Medan,1,1,12.869540208282524,0,12.17,2,wallet
C0034,2024-10-19,K3,Denpasar,1,0,11.050028064088103,0,17.53,2,card
C0035,2024-08-29,K2,Jakarta,1,1,16.58163837351241,0,11.58,3,card
C0036,2024-10-20,K13,Medan,1,0,13.732442379489964,1,0.0,0,card
C0037,2024-12-06,K8,Denpasar,1,1,17.365436727051566,0,0.0,0,card
C0038,2024-04-23,K8,Jakarta,1,1,11.180195601990393,0,0.0,0,card
C0038,2024-10-15,K2,Surabaya,2,1,21.07686342413453,1,15.01,3,wallet
C0038,2024-06-17,K11,Medan,3,1,13.030954910146633,1,6.36,2,cash
C0038,2024-04-11,K7,Jakarta,4,1,10.042872416566324,0,14.54,1,cash
C0038,2024-07-17,K17,Bandung,5,1,2.0,0,15.35,2,card
C0039,2024-11-25,K12,Denpasar,1,1,19.22692344791467,0,8.55,3,cash
C0040,2024-10-28,K15,Medan,1,1,13.960422648504347,1,6.81,2,cash
C0040,2024-11-29,K15,Medan,2,1,7.078638123537482,0,3.88,2,card
C0041,2024-03-17,K10,Denpasar,1,0,11.20388060951645,0,7.5,3,cash
C0041,2024-10-24,K12,Denpasar,2,1,11.248290387095482,1,4.07,3,cash
C0041,2024-04-27,K10,Jakarta,3,0,14.110065803534845,0,20.15,1,cash
C0042,2024-04-09,K1,Surabaya,1,1,13.39497081111901,0,4.7,1,card
C0042,2024-08-13,K3,Medan,2,1,12.721250114086954,0,2.41,3,cash
C0042,2024-03-18,K10,Denpasar,3,1,4.25234365210744,1,13.42,1,cash
C0043,2024-10-28,K6,Surabaya,1,1,12.845620250495452,0,0.0,0,wallet
C0044,2024-05-15,K7,Medan,1,1,18.192749774559665,1,10.06,3,card
C0045,2024-07-18,K3,Surabaya,1,1,20.362861934188516,0,7.02,2,card
C0046,2024-11-28,K16,Surabaya,1,1,11.443869693256499,1,11.34,1,cash
C0046,2024-05-15,K13,Medan,2,1,16.3265845101019,0,3.75,2,card
C0046,2024-08-18,K12,Medan,3,0,6.64702830882199,0,14.3,1,cash
C0046,2024-09-05,K20,Surabaya,4,1,13.94289302265482,1,3.81,3,card
C0046,2024-11-11,K15,Jakarta,5,1,12.409146792737825,0,37.01,2,wallet
C0047,2024-12-01,K14,Jakarta,1,0,11.505551734044287,0,0.0,0,cash
C0047,2024-05-09,K14,Medan,2,1,15.56135744752939,0,0.0,0,wallet
C0047,2024-06-12,K16,Denpasar,3,1,13.434587143361616,1,9.13,1,cash
C0047,2024-01-25,K13,Medan,4,1,11.421889425212724,1,0.0,0,wallet
C0048,2024-11-11,K5,Bandung,1,1,18.282181711725947,0,1.56,1,cash
C0048,2024-09-23,K9,Bandung,2,1,16.410523911204393,0,1.93,2,cash
C0048,2024-09-19,K17,Denpasar,3,1,8.356341593127983,1,8.44,1,card
C0048,2024-05-03,K3,Bandung,4,1,15.367825715933499,0,15.37,2,cash
C0049,2024-05-12,K2,Bandung,1,0,18.847204882120522,0,0.0,0,cash
C0050,2024-03-05,K13,Denpasar,1,1,11.388265486794474,0,6.09,3,card
C0050,2024-11-03,K4,Surabaya,2,0,9.82421701072624,0,0.0,0,card
C0051,2024-02-11,K16,Denpasar,1,0,17.19952343698038,0,4.72,2,cash
C0052,2024-10-03,K17,Jakarta,1,1,11.513459056139867,0,0.43,1,cash
C0052,2024-03-27,K17,Denpasar,2,1,12.923401529324542,0,6.19,2,card
C0052,2024-08-15,K11,Surabaya,3,1,17.78907421012005,0,13.54,2,wallet
C0052,2024-01-08,K6,Medan,4,1,12.870092783103019,0,0.0,0,cash
C0052,2024-02-18,K4,Jakarta,5,0,13.228669914606767,1,0.0,0,card
C0053,2024-09-22,K2,Bandung,1,0,20.996357875094997,0,21.7,1,wallet
C0053,2024-07-01,K8,Bandung,2,1,2.0,0,0.0,0,wallet
C0053,2024-06-20,K14,Jakarta,3,1,16.871311110644037,1,0.0,0,card
C0053,2024-08-09,K8,Medan,4,1,7.931773219701627,0,14.99,2,wallet
C0054,2024-12-13,K18,Surabaya,1,1,13.998439758763208,1,0.0,0,card
C0055,2024-02-13,K1,Bandung,1,1,14.82754822815772,1,4.8,3,card
C0056,2024-08-16,K10,Surabaya,1,1,3.1961862042209113,0,0.0,0,card
C0056,2024-01-03,K11,Jakarta,2,1,7.7473977289535,0,7.06,2,card
C0056,2024-03-06,K12,Jakarta,3,1,19.274053224958713,0,10.26,1,wallet
C0056,2024-01-20,K5,Surabaya,4,0,7.898280877346521,0,5.73,1,card
C0057,2024-08-14,K6,Denpasar,1,1,9.919029986349297,0,0.0,0,card
C0057,2024-01-14,K20,Medan,2,0,11.900122856400484,0,2.8,3,cash
C0057,2024-02-29,K19,Denpasar,3,1,14.766363444754745,0,4.73,1,cash
C0058,2024-07-01,K20,Jakarta,1,1,9.53120028819772,0,0.0,0,wallet
C0059,2024-04-27,K15,Medan,1,0,6.61654915387435,0,27.05,1,wallet
C0059,2024-11-20,K10,Surabaya,2,1,14.558688345395026,0,0.0,0,cash
C0059,2024-12-02,K19,Surabaya,3,1,9.942895136703148,0,3.94,1,card
C0060,2024-07-10,K4,Surabaya,1,1,12.499527719512049,0,12.23,1,cash
C0060,2024-11-11,K20,Jakarta,2,1,12.72980804856575,1,0.0,0,cash
C0061,2024-12-07,K3,Medan,1,0,6.653747030239209,1,0.0,0,cash
C0062,2024-07-02,K18,Surabaya,1,1,2.3174063274594214,0,0.0,0,card
C0062,2024-01-07,K15,Surabaya,2,0,13.756444047122708,0,0.0,0,cash
C0063,2024-05-21,K17,Bandung,1,1,5.728552884153753,0,14.58,1,card
C0063,2024-06-09,K4,Surabaya,2,0,13.319472152270096,0,0.0,0,cash
C0063,2024-01-28,K17,Jakarta,3,0,5.310632543948837,1,5.07,2,cash
C0063,2024-01-02,K10,Surabaya,4,1,11.384108925949754,1,12.42,3,card
C0064,2024-05-17,K17,Denpasar,1,1,9.586282389089838,1,17.85,2,cash
C0064,2024-08-19,K14,Bandung,2,1,12.430364324968375,1,3.57,1,cash
C0064,2024-09-04,K1,Surabaya,3,1,7.132766293002619,1,13.17,1,cash
C0064,2024-07-15,K10,Medan,4,1,13.812854075132426,1,8.3,3,card
C0065,2024-08-25,K20,Medan,1,0,13.900393542208866,0,20.65,3,cash
C0066,2024-08-07,K8,Denpasar,1,1,6.406903327832201,1,0.0,0,cash
C0066,2024-09-02,K1,Denpasar,2,1,9.28765966646902,1,10.73,1,card
C0066,2024-06-10,K6,Surabaya,3,1,6.054943588099827,0,0.0,0,cash
C0066,2024-07-14,K5,Bandung,4,0,13.692419217308455,1,6.79,2,cash
C0066,2024-02-29,K15,Medan,5,1,2.0,0,6.57,3,wallet
C0067,2024-10-03,K1,Denpasar,1,1,8.960890064527838,0,0.0,0,cash
C0067,2024-12-03,K5,Medan,2,1,19.606580259612258,0,18.92,3,cash
C0068,2024-09-28,K3,Medan,1,0,7.384336947710758,1,0.0,0,wallet
C0069,2024-07-09,K15,Denpasar,1,1,14.569539248294575,1,12.03,3,wallet
C0070,2024-07-25,K1,Bandung,1,1,12.897908909697989,0,0.0,0,cash
C0071,2024-02-07,K8,Bandung,1,1,18.537894053799914,0,0.0,0,cash
C0071,2024-12-09,K6,Jakarta,2,1,10.113608970581556,0,0.0,0,wallet
C0072,2024-10-10,K7,Jakarta,1,1,16.443313767754802,0,0.0,0,card
C0072,2024-04-29,K8,Jakarta,2,1,2.5739997398944148,0,5.37,3,cash
C0072,2024-11-29,K4,Medan,3,1,14.14156481236748,0,6.56,1,wallet
C0073,2024-01-16,K17,Medan,1,1,16.49567856843746,0,0.0,0,wallet
C0073,2024-09-11,K9,Denpasar,2,1,8.422641514342642,0,4.13,3,wallet
C0074,2024-03-05,K15,Medan,1,1,11.620881892408685,0,0.0,0,wallet
C0074,2024-04-02,K19,Medan,2,1,16.377539902557544,1,0.0,0,cash
C0074,2024-12-13,K12,Denpasar,3,1,10.961844735088105,1,0.0,0,card
C0074,2024-08-01,K17,Denpasar,4,1,3.2501106289060164,0,0.0,0,wallet
C0075,2024-12-27,K3,Denpasar,1,1,2.0,0,6.99,1,card
C0076,2024-10-28,K8,Bandung,1,1,9.575164812505145,0,0.0,0,card
C0077,2024-12-28,K9,Jakarta,1,0,15.877227353815464,1,0.0,0,card
C0077,2024-12-09,K11,Bandung,2,1,16.962304157472634,0,9.66,3,cash
C0078,2024-04-17,K16,Jakarta,1,1,15.844486816122366,1,10.76,3,wallet
C0079,2024-06-01,K2,Medan,1,0,8.92613567421541,0,9.3,3,card
C0079,2024-05-26,K19,Jakarta,2,0,12.56959814050385,1,15.79,3,card
C0079,2024-07-20,K9,Jakarta,3,0,12.094248114724238,0,7.71,3,card
C0080,2024-01-02,K11,Jakarta,1,1,16.587726033320603,0,12.49,3,cash
C0081,2024-02-18,K6,Medan,1,0,17.239710308760714,0,0.0,0,cash
C0082,2024-05-01,K3,Bandung,1,1,2.9034603566763817,0,6.35,2,cash
C0083,2024-06-15,K7,Medan,1,0,11.227672405660119,0,4.61,2,card
C0084,2024-05-05,K5,Surabaya,1,0,13.359365813850085,0,11.43,3,card
C0085,2024-11-20,K3,Bandung,1,1,17.7905542401215,0,0.0,0,cash
C0086,2024-08-21,K10,Denpasar,1,1,9.781908477414733,1,4.01,1,wallet
C0087,2024-03-27,K15,Medan,1,1,12.780939114704388,0,8.43,2,card
C0088,2024-10-31,K3,Surabaya,1,1,8.617474392754321,1,5.43,1,cash
C0089,2024-01-21,K3,Denpasar,1,0,15.73955128058767,1,0.97,3,cash
C0090,2024-04-08,K5,Denpasar,1,1,21.791737271102967,0,17.65,1,card
C0090,2024-06-12,K13,Medan,2,1,6.902191841400569,0,10.11,2,wallet
C0090,2024-01-05,K17,Bandung,3,1,10.15194831978183,0,13.02,2,card
C0091,2024-04-11,K19,Surabaya,1,1,21.68194651284455,1,1.25,1,wallet
C0092,2024-06-23,K9,Medan,1,0,12.447903406276245,0,12.46,1,wallet
C0092,2024-12-17,K6,Bandung,2,1,14.96778361140431,1,0.0,0,card
C0093,2024-01-22,K16,Medan,1,1,14.035261435622676,1,4.27,3,cash
C0093,2024-02-26,K13,Denpasar,2,1,4.802179733119079,1,18.83,1,wallet
C0093,2024-06-12,K14,Medan,3,1,7.6374234220406425,0,6.98,2,cash
C0094,2024-07-06,K16,Medan,1,0,13.680800231380205,0,4.51,2,card
C0094,2024-04-20,K2,Bandung,2,0,16.147374209658743,0,0.0,0,wallet
C0095,2024-06-06,K19,Jakarta,1,1,8.491462009375626,1,7.14,2,card
C0095,2024-02-23,K18,Surabaya,2,1,14.917942349866358,1,0.0,0,wallet
C0096,2024-07-09,K8,Surabaya,1,1,6.384697199277241,1,0.0,0,card
C0096,2024-12-26,K17,Surabaya,2,1,15.53408714656867,0,6.41,1,cash
C0097,2024-11-20,K11,Jakarta,1,1,5.2706453826339255,1,15.9,2,wallet
C0097,2024-05-20,K12,Bandung,2,1,13.326811746998143,0,4.08,1,wallet
C0097,2024-08-04,K11,Denpasar,3,0,9.100314820435372,0,5.11,3,wallet
C0097,2024-07-19,K19,Bandung,4,1,7.848724054814047,1,0.0,0,cash
C0098,2024-12-24,K14,Bandung,1,1,2.0,0,2.06,3,wallet
C0098,2024-07-28,K6,Bandung,2,0,8.891864129820485,1,23.8,2,cash
C0099,2024-06-21,K9,Medan,1,1,7.651684593626528,1,0.0,0,card
C0099,2024-11-05,K4,Denpasar,2,1,17.627173922073847,0,0.0,0,card
C0099,2024-02-18,K10,Denpasar,3,0,15.70412172710063,0,0.0,0,wallet
C0100,2024-12-02,K10,Bandung,1,1,9.433932167642073,0,0.0,0,cash
C0100,2024-09-24,K6,Jakarta,2,1,10.685545853958661,0,8.21,3,cash
C0100,2024-04-01,K6,Denpasar,3,1,14.95907066870689,0,13.47,3,card
C0100,2024-08-31,K13,Medan,4,0,21.18803366532355,1,25.79,1,card
C0101,2024-08-04,K13,Bandung,1,0,10.020856096341689,0,0.0,0,card
C0101,2024-07-23,K4,Surabaya,2,1,22.632177944866044,1,7.23,2,cash
C0101,2024-02-28,K10,Bandung,3,1,6.44271021531484,1,11.45,3,cash
C0101,2024-11-16,K15,Jakarta,4,0,17.5725814210923,1,10.03,1,card
C0102,2024-08-13,K14,Denpasar,1,1,17.569743166078304,1,0.0,0,wallet
C0103,2024-07-20,K3,Denpasar,1,0,16.768358390828904,1,0.0,0,wallet
C0103,2024-11-28,K12,Jakarta,2,1,12.239807229907733,0,8.05,1,wallet
C0104,2024-12-23,K4,Medan,1,1,14.129436030965179,1,10.66,1,wallet
C0105,2024-04-03,K20,Surabaya,1,1,11.968242216135657,0,8.46,2,wallet
C0105,2024-06-04,K11,Denpasar,2,1,19.81127565975211,0,0.0,0,card
C0105,2024-03-31,K3,Medan,3,0,8.019146476531276,0,0.0,0,wallet
C0106,2024-06-08,K3,Medan,1,0,11.57718500428096,0,10.72,1,wallet
C0106,2024-04-25,K18,Medan,2,1,7.980138005965111,1,4.7,2,wallet
C0106,2024-08-24,K4,Denpasar,3,0,15.730440597698422,1,0.0,0,card
C0106,2024-03-16,K7,Surabaya,4,0,5.348431871305051,1,3.77,1,wallet
C0106,2024-10-05,K9,Bandung,5,0,11.939555260769728,0,2.04,2,cash
C0107,2024-11-19,K3,Denpasar,1,1,7.48328256851501,1,0.0,0,cash
C0108,2024-01-24,K2,Jakarta,1,1,8.977541956099758,0,7.77,1,cash
C0108,2024-09-10,K6,Denpasar,2,1,7.667896942757228,0,8.02,1,cash
C0108,2024-01-03,K4,Medan,3,1,17.534952064892515,1,13.23,1,wallet
C0109,2024-11-01,K16,Bandung,1,1,8.916974729772516,0,3.74,3,wallet
C0109,2024-02-08,K8,Jakarta,2,1,10.119116986091559,0,0.0,0,card
C0110,2024-06-10,K17,Medan,1,1,12.526546604395435,1,12.57,3,card
C0110,2024-12-22,K1,Jakarta,2,0,5.971189357722307,0,0.0,0,card
C0110,2024-01-01,K7,Denpasar,3,1,11.09496930670193,1,0.0,0,cash
C0111,2024-03-13,K15,Denpasar,1,1,15.89468251756057,1,11.5,1,cash
C0112,2024-04-09,K20,Bandung,1,1,19.222101940768457,0,4.53,2,card
C0112,2024-06-10,K1,Jakarta,2,1,6.992814617474611,0,14.4,1,card
C0113,2024-01-13,K4,Medan,1,0,10.485222310078413,0,11.35,2,card
C0113,2024-11-23,K3,Surabaya,2,0,12.348734244205245,0,0.0,0,cash
C0113,2024-05-19,K14,Denpasar,3,0,9.32099268473851,1,4.85,1,cash
C0114,2024-06-15,K7,Bandung,1,0,14.366862520129802,1,1.46,2,wallet
C0115,2024-08-05,K2,Surabaya,1,1,10.847996428971163,1,20.27,2,card
C0115,2024-08-06,K3,Surabaya,2,1,20.528214712627225,1,3.68,2,card
C0115,2024-06-02,K15,Medan,3,0,9.266599577063673,0,9.13,3,card
C0115,2024-11-04,K3,Bandung,4,1,10.641724448369734,1,0.0,0,card
C0115,2024-11-21,K1,Bandung,5,1,4.317381925281083,0,13.32,2,card
C0116,2024-02-17,K4,Surabaya,1,0,9.482894733365846,1,0.0,0,card
C0117,2024-06-12,K9,Denpasar,1,1,19.12231006566317,0,7.45,2,cash
C0118,2024-02-23,K15,Medan,1,1,20.38731465156303,0,13.7,1,card
C0119,2024-07-30,K7,Jakarta,1,1,9.53776962834741,1,0.0,0,card
C0119,2024-02-16,K1,Jakarta,2,1,10.768451223165965,0,0.0,0,card
C0119,2024-11-26,K10,Surabaya,3,1,14.49842555151467,1,13.7,1,wallet
C0120,2024-12-23,K14,Bandung,1,1,10.031952813257032,0,11.77,3,card
C0121,2024-10-10,K18,Bandung,1,1,22.706915592555386,0,21.88,2,card
C0122,2024-09-08,K15,Medan,1,0,8.246985512093925,0,0.0,0,cash
C0122,2024-05-18,K11,Medan,2,0,5.430692710113114,0,11.16,1,wallet
C0123,2024-08-29,K18,Bandung,1,1,12.426406589828693,1,22.1,3,cash
C0123,2024-03-09,K12,Medan,2,0,21.348076652522586,0,0.0,0,cash
C0124,2024-06-01,K5,Medan,1,0,5.069210279473809,0,0.96,1,cash
C0124,2024-11-12,K3,Jakarta,2,1,14.088368492418933,1,21.62,3,card
C0124,2024-11-08,K9,Denpasar,3,1,16.234985438447293,0,0.0,0,cash
C0124,2024-02-15,K5,Medan,4,1,5.771413117768078,0,5.92,1,card
C0125,2024-05-01,K4,Surabaya,1,1,24.13358243172761,0,8.69,3,cash
C0125,2024-05-06,K15,Medan,2,1,14.16479912680348,0,0.0,0,card
C0125,2024-06-23,K10,Jakarta,3,0,15.955348511380546,0,11.04,2,card
C0126,2024-04-02,K7,Surabaya,1,1,7.415576541407191,0,10.07,1,cash
C0126,2024-10-31,K3,Denpasar,2,1,18.671751629746495,1,12.31,2,cash
C0126,2024-01-25,K16,Jakarta,3,1,16.10379651990653,0,17.13,3,cash
C0126,2024-07-17,K3,Bandung,4,1,10.511945189416526,0,10.68,2,card
C0127,2024-02-17,K8,Medan,1,0,14.85939033089178,1,0.0,0,wallet
C0128,2024-11-28,K10,Denpasar,1,1,8.245973474561296,1,4.37,3,card
C0128,2024-05-11,K11,Bandung,2,0,17.55058803333159,1,7.74,1,cash
C0129,2024-11-12,K16,Jakarta,1,1,9.976979274434282,0,0.0,0,card
C0129,2024-12-22,K3,Denpasar,2,0,6.351748851997592,0,20.3,1,cash
C0129,2024-04-01,K6,Denpasar,3,1,9.558100893684992,1,0.0,0,card
C0129,2024-10-18,K10,Medan,4,1,21.04653174866555,0,4.63,3,cash
C0130,2024-04-03,K11,Jakarta,1,1,6.798541358861947,0,7.0,3,card
C0130,2024-08-11,K15,Bandung,2,0,12.859196698967656,0,9.98,1,wallet
C0131,2024-04-19,K4,Surabaya,1,1,14.766256099923918,1,0.0,0,wallet
C0131,2024-10-05,K1,Medan,2,0,15.486565194561992,0,13.41,1,cash
C0132,2024-04-05,K5,Medan,1,1,12.476720997206542,0,0.0,0,wallet
C0133,2024-04-13,K8,Bandung,1,0,14.959923425622765,1,6.75,3,wallet
C0134,2024-10-13,K3,Denpasar,1,0,24.2472989947905,0,15.55,1,cash
C0135,2024-07-05,K16,Denpasar,1,1,15.110349951530242,1,2.81,3,wallet
C0136,2024-12-20,K10,Bandung,1,1,12.724439165484457,1,20.19,3,card
C0136,2024-03-01,K19,Bandung,2,1,10.967595074115765,0,8.49,3,card
C0137,2024-02-19,K20,Jakarta,1,1,15.272462450356018,1,12.5,3,card
C0137,2024-07-28,K11,Denpasar,2,0,12.029167733327169,1,0.0,0,card
C0138,2024-06-30,K19,Jakarta,1,0,18.154372565773674,0,0.0,0,card
C0138,2024-07-27,K20,Surabaya,2,0,14.615395020011972,1,24.63,2,card
C0138,2024-06-14,K13,Denpasar,3,1,17.920862638300726,1,20.21,2,card
C0139,2024-10-25,K8,Denpasar,1,1,13.498872818607822,0,0.0,0,wallet
C0139,2024-12-05,K13,Bandung,2,1,15.995894099526996,1,10.66,3,card
C0140,2024-03-13,K14,Medan,1,1,12.373881339609843,0,10.34,1,wallet
C0141,2024-03-04,K7,Medan,1,1,2.7721018233791916,0,11.94,3,card
C0141,2024-12-23,K5,Jakarta,2,1,8.144912908173751,1,7.63,3,wallet
C0141,2024-04-19,K13,Medan,3,1,17.452171706995546,0,5.76,2,wallet
C0141,2024-12-03,K14,Denpasar,4,1,7.757856829045927,0,8.13,2,card
C0142,2024-12-20,K17,Jakarta,1,1,2.57116540622879,1,0.0,0,cash
C0143,2024-10-04,K19,Medan,1,1,14.410333636676931,0,6.04,3,cash
C0144,2024-02-01,K18,Denpasar,1,1,11.737977747112653,0,10.95,3,card
C0144,2024-09-05,K7,Medan,2,1,14.169404254501162,1,24.88,1,wallet
C0145,2024-03-17,K4,Medan,1,0,2.0,1,0.28,2,cash
C0146,2024-02-22,K3,Denpasar,1,1,16.31895912284831,0,0.0,0,card
C0146,2024-07-18,K10,Bandung,2,1,9.189548373479028,1,19.24,1,card
C0146,2024-12-14,K20,Medan,3,0,7.110813998143572,0,12.16,3,card
C0146,2024-10-02,K13,Jakarta,4,1,7.618076332773484,0,4.3,2,wallet
C0147,2024-11-23,K15,Bandung,1,0,15.710764021882285,1,0.0,0,card
C0147,2024-10-12,K14,Surabaya,2,0,9.003167530798404,0,16.59,3,wallet
C0147,2024-07-20,K20,Jakarta,3,0,8.113049620705477,0,3.03,1,wallet
C0147,2024-03-12,K11,Surabaya,4,1,19.145585092755155,0,13.66,1,cash
C0147,2024-08-08,K6,Surabaya,5,1,17.60952855491067,0,4.96,1,cash
C0148,2024-12-09,K19,Surabaya,1,1,7.907980347356581,1,0.0,0,card
C0148,2024-09-29,K5,Bandung,2,0,7.415910791297425,0,4.99,2,cash
C0149,2024-02-27,K14,Bandung,1,1,21.739083936271577,0,11.75,3,cash
C0150,2024-10-10,K18,Jakarta,1,1,15.202398976004119,0,0.0,0,cash
C0151,2024-10-13,K14,Denpasar,1,0,11.047484470010943,0,0.0,0,cash
C0151,2024-04-27,K3,Denpasar,2,0,16.080034243872117,0,14.87,3,cash
C0151,2024-09-27,K18,Medan,3,1,14.876694320577922,1,6.04,3,cash
C0152,2024-09-02,K3,Surabaya,1,1,17.092866515930204,1,0.0,0,card
C0153,2024-10-20,K14,Medan,1,0,15.878836087015882,0,10.36,2,card
C0153,2024-04-22,K12,Medan,2,1,18.860307119748427,0,0.0,0,wallet
C0154,2024-05-30,K8,Bandung,1,1,2.0,1,20.94,1,cash
C0154,2024-06-29,K11,Medan,2,0,15.010591601962417,0,22.45,3,cash
C0155,2024-08-07,K20,Jakarta,1,1,7.698074946102491,1,1.09,3,cash
C0155,2024-04-10,K15,Jakarta,2,1,4.263480055308173,0,11.88,3,cash
C0156,2024-06-23,K13,Jakarta,1,0,9.797017657669027,1,0.0,0,cash
C0157,2024-05-22,K17,Denpasar,1,1,9.333476332860647,0,17.02,2,cash
C0158,2024-01-20,K18,Surabaya,1,0,13.128490689057616,0,0.0,0,card
C0158,2024-01-13,K12,Bandung,2,0,17.159339912674152,0,0.0,0,card
C0159,2024-12-25,K7,Bandung,1,1,11.679694807330554,1,20.39,2,card
C0159,2024-08-26,K8,Bandung,2,1,14.649465774418868,0,0.0,0,cash
C0159,2024-12-11,K13,Surabaya,3,1,4.427648454096165,0,0.0,0,cash
C0159,2024-02-14,K12,Bandung,4,1,4.412314339923029,0,10.59,2,wallet
C0160,2024-07-15,K2,Bandung,1,1,13.511556525738213,0,3.42,2,cash
C0160,2024-04-17,K10,Surabaya,2,1,13.52807180625608,0,14.2,2,card
C0161,2024-11-18,K4,Medan,1,1,8.388186302555003,1,1.66,2,card
C0162,2024-05-29,K10,Bandung,1,1,2.0,0,4.74,1,cash
C0163,2024-06-23,K2,Denpasar,1,0,3.2562696193180596,1,2.26,2,cash
C0163,2024-11-09,K14,Bandung,2,0,6.3366547406155185,0,28.78,3,wallet
C0164,2024-07-27,K2,Medan,1,0,13.721778846439781,0,0.0,0,cash
C0164,2024-11-26,K10,Medan,2,1,17.225672741921343,0,4.62,3,cash
C0164,2024-11-10,K14,Medan,3,0,14.05513327409364,0,23.06,2,cash
C0164,2024-03-03,K4,Denpasar,4,0,4.790777870001437,0,0.0,0,wallet
C0164,2024-06-28,K3,Medan,5,1,14.508594965138496,0,15.18,1,wallet
C0165,2024-10-11,K6,Medan,1,1,21.21451524152325,0,0.0,0,cash
C0165,2024-12-21,K4,Medan,2,0,9.105494838317837,1,17.42,1,cash
C0165,2024-02-07,K15,Jakarta,3,1,12.716719412979447,0,0.0,0,cash
C0166,2024-06-13,K4,Denpasar,1,1,6.356885014936525,1,0.0,0,wallet
C0166,2024-04-15,K19,Denpasar,2,1,8.486261116503067,1,19.18,3,card
C0166,2024-05-09,K7,Denpasar,3,1,22.518659589081548,0,8.39,1,cash
C0167,2024-11-22,K18,Medan,1,1,15.317238645757556,0,0.0,0,cash
C0168,2024-06-19,K3,Surabaya,1,1,15.418362107084585,0,4.48,1,card
C0168,2024-10-29,K16,Denpasar,2,1,11.722763189431037,1,0.0,0,cash
C0168,2024-02-10,K9,Medan,3,0,5.827037771078803,0,10.94,2,cash
C0168,2024-08-13,K4,Bandung,4,1,11.523573264274978,1,22.62,1,wallet
C0168,2024-10-11,K10,Denpasar,5,1,13.607752565237378,1,2.84,2,wallet
C0169,2024-05-29,K4,Denpasar,1,1,13.1449819622967,1,0.0,0,cash
C0169,2024-06-12,K13,Bandung,2,1,7.988988578818994,0,1.17,2,card
C0169,2024-12-02,K7,Medan,3,1,11.630770364177254,0,6.14,1,cash
C0169,2024-12-08,K15,Bandung,4,0,5.512451800088847,0,14.61,3,wallet
C0170,2024-07-30,K6,Jakarta,1,1,19.793606064217187,1,4.34,3,cash
C0170,2024-09-03,K11,Bandung,2,1,17.34479767637569,1,3.1,2,card
C0170,2024-02-27,K2,Denpasar,3,1,13.35695490498849,1,8.94,1,card
C0170,2024-06-11,K20,Denpasar,4,1,15.904077139070688,0,17.19,3,card
C0171,2024-05-20,K20,Denpasar,1,1,8.823862667353994,0,4.92,2,card
C0171,2024-04-24,K9,Medan,2,1,17.09177692114135,1,13.76,3,card
C0172,2024-06-02,K11,Surabaya,1,0,14.326730867633229,0,0.0,0,cash
C0173,2024-08-07,K7,Bandung,1,1,18.432515595359654,1,10.77,1,card
C0174,2024-05-19,K20,Medan,1,0,11.222171527390822,0,6.14,1,card
C0174,2024-05-01,K19,Jakarta,2,1,7.1059287695943025,0,9.82,2,cash
C0174,2024-12-13,K15,Jakarta,3,1,8.570009791402892,0,0.85,2,card
C0175,2024-09-02,K9,Surabaya,1,1,14.554314945741588,0,9.5,3,card
C0175,2024-11-01,K2,Medan,2,1,10.192057097122035,1,4.03,3,card
C0176,2024-03-11,K19,Medan,1,1,17.13493131659866,0,9.78,3,card
C0177,2024-05-25,K16,Bandung,1,0,10.891557100004665,0,0.0,0,card
C0177,2024-02-08,K11,Surabaya,2,1,17.47580205860116,1,2.9,1,cash
C0178,2024-12-11,K6,Medan,1,1,11.493108718678998,0,11.46,3,wallet
C0178,2024-01-30,K5,Medan,2,1,9.050453510671218,0,5.54,3,card
C0178,2024-06-20,K3,Bandung,3,1,16.221416140487086,0,0.0,0,cash
C0179,2024-04-04,K2,Medan,1,1,18.041739087867818,1,10.62,2,wallet
C0179,2024-07-03,K16,Medan,2,1,10.832836006780521,0,0.0,0,cash
C0180,2024-08-02,K10,Bandung,1,1,9.037452173935348,0,8.07,3,cash
C0181,2024-01-29,K15,Denpasar,1,1,7.855361934975523,0,9.94,3,cash
C0181,2024-02-14,K3,Jakarta,2,1,14.734805477316451,0,4.93,3,wallet
C0181,2024-08-13,K17,Denpasar,3,1,12.344228656419263,0,0.0,0,wallet
C0182,2024-11-01,K17,Medan,1,1,12.261292452487416,0,0.0,0,cash
C0182,2024-05-13,K18,Denpasar,2,1,10.687298383589692,1,3.19,3,card
C0182,2024-06-27,K9,Medan,3,1,10.242139606999364,1,5.5,3,wallet
C0182,2024-01-06,K13,Denpasar,4,0,5.692905041242996,0,8.72,1,card
C0183,2024-04-23,K19,Bandung,1,1,17.97047624973076,1,12.06,1,cash
C0183,2024-08-20,K19,Surabaya,2,1,8.97668966252392,1,3.01,1,wallet
C0183,2024-06-28,K3,Surabaya,3,1,9.246907366989351,1,14.88,2,card
C0183,2024-11-05,K16,Bandung,4,1,22.388385664597216,0,0.0,0,cash
C0183,2024-08-01,K11,Bandung,5,1,6.130600177955137,0,5.11,2,wallet
C0184,2024-08-12,K19,Bandung,1,1,6.981693941640989,0,4.95,2,cash
C0185,2024-12-12,K16,Denpasar,1,1,13.565660700065777,0,20.75,3,cash
C0185,2024-09-02,K18,Jakarta,2,1,24.55778275792212,0,10.78,1,cash
C0185,2024-03-15,K17,Medan,3,1,11.690799580196582,0,3.8,1,cash
C0186,2024-06-01,K11,Surabaya,1,0,13.121698283890414,1,0.0,0,card
C0186,2024-06-30,K19,Jakarta,2,0,7.840225412527744,0,15.64,2,card
C0187,2024-01-21,K16,Bandung,1,0,4.554267910504358,0,4.85,1,wallet
C0187,2024-01-15,K13,Jakarta,2,1,6.851668858602782,0,8.96,1,wallet
C0188,2024-10-02,K13,Medan,1,1,15.247486824296198,0,3.74,2,cash
C0188,2024-04-26,K5,Denpasar,2,1,10.180403032551817,0,0.0,0,card
C0189,2024-03-13,K8,Denpasar,1,1,3.5365919224453144,1,4.14,2,cash
C0190,2024-08-10,K2,Jakarta,1,0,14.084647516324083,1,7.73,3,card
C0190,2024-03-10,K5,Bandung,2,0,9.746893579625524,0,6.14,3,card
C0190,2024-11-13,K3,Jakarta,3,1,15.720928551575174,1,6.9,3,cash
C0190,2024-10-31,K15,Bandung,4,1,7.944995681855776,1,0.0,0,card
C0191,2024-01-07,K6,Surabaya,1,0,12.746817411355945,0,3.01,1,card
C0191,2024-11-26,K2,Medan,2,1,13.866742798556992,0,10.91,2,cash
C0191,2024-02-23,K8,Bandung,3,1,11.28926731529727,1,10.52,1,wallet
C0191,2024-06-05,K4,Bandung,4,1,11.676556974837407,0,10.72,3,wallet
C0191,2024-08-17,K9,Bandung,5,0,12.364370490077578,1,0.0,0,card
C0192,2024-06-13,K3,Medan,1,1,23.473842957738924,1,3.92,3,wallet
C0192,2024-09-09,K18,Surabaya,2,1,8.044259447248493,0,5.84,2,cash
C0193,2024-09-27,K13,Jakarta,1,1,6.809557480918566,0,14.26,1,cash
C0193,2024-08-09,K18,Denpasar,2,1,3.629071505930483,0,9.61,1,card
C0193,2024-01-14,K20,Denpasar,3,0,11.468314987343426,0,7.22,2,cash
C0193,2024-09-28,K2,Medan,4,0,14.01595605380261,0,3.99,2,card
C0193,2024-03-21,K9,Denpasar,5,1,11.389714339393613,0,14.57,1,wallet
C0194,2024-12-28,K6,Bandung,1,0,15.397878425803206,0,11.82,2,card
C0195,2024-01-01,K4,Denpasar,1,1,5.8325120802754835,1,0.0,0,cash
C0196,2024-03-10,K2,Surabaya,1,0,4.551812892819454,0,0.0,0,cash
C0197,2024-04-22,K19,Surabaya,1,1,22.21038020071872,0,9.02,3,wallet
C0197,2024-05-25,K14,Jakarta,2,0,16.116399578388528,1,4.11,3,cash
C0197,2024-11-29,K6,Medan,3,1,11.402820630281404,1,10.51,2,wallet
C0197,2024-06-30,K15,Bandung,4,0,8.612414640581015,0,0.0,0,cash
C0198,2024-07-30,K10,Surabaya,1,1,9.719471324297146,1,7.64,2,cash
C0198,2024-07-25,K19,Jakarta,2,1,14.42500645761614,0,16.24,1,cash
C0198,2024-08-06,K8,Surabaya,3,1,19.849332181299836,1,5.66,3,cash
C0198,2024-07-05,K7,Medan,4,1,7.738991843392082,0,8.78,2,card
C0199,2024-01-02,K17,Denpasar,1,1,4.686168464444396,1,0.0,0,card
C0199,2024-12-05,K6,Denpasar,2,1,7.280677047885765,0,6.86,3,cash
C0200,2024-02-13,K5,Denpasar,1,1,17.300738526013298,0,15.61,2,cash
C0200,2024-03-27,K2,Jakarta,2,1,13.39495897374237,1,0.48,3,wallet
C0200,2024-03-01,K7,Surabaya,3,1,13.488024713985611,1,15.23,2,cash
C0200,2024-04-06,K15,Surabaya,4,0,6.578143957714386,0,0.0,0,card
C0200,2024-03-02,K2,Medan,5,0,4.83424092737644,0,7.4,1,cash
C0201,2024-10-04,K1,Bandung,1,1,12.714046962212915,0,0.0,0,cash
C0201,2024-12-09,K1,Jakarta,2,1,9.111247459229116,0,0.0,0,cash
C0201,2024-11-13,K8,Surabaya,3,1,10.424516334839453,1,4.25,1,card
C0202,2024-03-14,K18,Jakarta,1,1,9.854680615492711,0,5.65,1,cash
C0203,2024-02-16,K20,Surabaya,1,1,11.018596743060316,0,1.84,2,cash
C0204,2024-06-29,K1,Surabaya,1,0,2.9460119972018273,0,0.0,0,card
C0204,2024-02-18,K20,Medan,2,0,12.798238847039515,1,11.86,1,card
C0205,2024-01-25,K8,Denpasar,1,1,23.294135609540945,0,12.59,3,card
C0205,2024-10-25,K14,Jakarta,2,1,8.60846633742402,1,0.0,0,cash
C0206,2024-03-08,K12,Surabaya,1,1,14.741598137772494,0,7.78,1,card
C0207,2024-08-23,K16,Medan,1,1,5.085325248416094,0,0.0,0,cash
C0207,2024-07-05,K8,Surabaya,2,1,10.742553712542549,0,2.8,1,card
C0207,2024-07-10,K18,Medan,3,1,17.471698932013272,1,0.0,0,card
C0208,2024-03-11,K5,Bandung,1,1,13.937159357921301,1,2.3,3,card
C0209,2024-01-23,K11,Surabaya,1,1,2.8280434685970857,1,9.38,3,cash
C0210,2024-09-22,K17,Jakarta,1,0,12.96660162377233,1,1.49,3,card
C0211,2024-01-04,K2,Surabaya,1,1,14.831133824479753,0,0.0,0,wallet
C0211,2024-03-21,K19,Bandung,2,1,18.81281426356226,0,10.43,2,cash
C0212,2024-01-10,K4,Denpasar,1,1,12.707753895396717,1,24.04,2,cash
C0212,2024-05-28,K7,Medan,2,1,2.0,1,0.0,0,cash
C0213,2024-10-20,K12,Medan,1,0,12.691490583999554,0,0.0,0,cash
C0213,2024-07-18,K7,Jakarta,2,1,8.197909000943131,0,5.48,2,cash
C0213,2024-04-19,K10,Surabaya,3,1,19.241754284646383,0,7.54,2,cash
C0214,2024-08-19,K15,Jakarta,1,1,19.916889407647666,1,7.3,1,card
C0214,2024-04-19,K12,Denpasar,2,1,13.087082878433566,1,2.05,2,card
C0214,2024-06-09,K4,Surabaya,3,0,8.356737928399117,0,6.4,3,cash
C0215,2024-05-19,K8,Surabaya,1,0,13.023794412008922,0,31.32,1,cash
C0216,2024-04-13,K12,Surabaya,1,0,18.850218305854952,0,14.32,1,cash
C0217,2024-07-22,K8,Medan,1,1,3.8356108075481377,1,0.0,0,wallet
C0217,2024-01-05,K20,Denpasar,2,1,7.4205130310014,1,0.0,0,card
C0217,2024-12-20,K6,Jakarta,3,1,15.324777288678582,1,2.93,3,cash
C0217,2024-08-24,K7,Denpasar,4,0,7.059183261647954,0,0.0,0,wallet
C0218,2024-12-01,K9,Medan,1,0,7.50312936422673,0,1.89,2,card
C0218,2024-04-08,K14,Surabaya,2,1,6.506897874110939,1,0.0,0,cash
C0219,2024-07-18,K10,Medan,1,1,3.8853349865938096,1,3.91,3,card
C0219,2024-10-18,K18,Bandung,2,1,9.534275721229257,1,18.86,3,card
C0219,2024-08-13,K15,Medan,3,1,4.347692951283116,0,22.99,1,cash
C0220,2024-12-17,K10,Surabaya,1,1,11.313445171055601,0,4.99,2,wallet
C0221,2024-02-28,K15,Bandung,1,1,12.01143968071752,0,6.86,3,wallet
C0222,2024-03-20,K12,Medan,1,1,20.659497336815015,1,5.75,1,cash
C0222,2024-08-29,K12,Surabaya,2,1,8.265383574649162,1,8.9,1,cash
C0222,2024-05-30,K13,Bandung,3,1,12.561605827349062,0,1.17,2,cash
C0223,2024-11-03,K10,Surabaya,1,0,8.644281966184392,0,7.13,3,wallet
C0223,2024-01-10,K17,Jakarta,2,1,9.453933187004328,0,10.26,2,cash
C0224,2024-10-22,K12,Surabaya,1,1,16.68252058365244,0,7.34,1,wallet
C0224,2024-08-06,K18,Jakarta,2,1,8.620930144833403,1,12.59,3,wallet
C0225,2024-02-09,K13,Denpasar,1,1,4.142109606604111,0,0.0,0,wallet
C0226,2024-07-16,K2,Bandung,1,1,12.732546004792216,1,15.08,3,card
C0226,2024-02-11,K4,Bandung,2,0,12.123817690479013,1,6.43,3,wallet
C0227,2024-03-21,K10,Jakarta,1,1,10.50870256342546,1,5.42,2,cash
C0227,2024-12-09,K19,Denpasar,2,1,11.111683719874689,1,7.94,1,cash
C0227,2024-04-18,K14,Bandung,3,1,22.981115710763994,1,9.44,3,cash
C0227,2024-03-22,K18,Medan,4,1,15.10972905476105,0,23.92,3,card
C0227,2024-07-19,K19,Bandung,5,1,16.014020291066103,1,0.0,0,wallet
C0228,2024-07-22,K14,Medan,1,1,26.48259302759873,0,0.0,0,cash
C0228,2024-03-28,K7,Jakarta,2,1,12.425610286489075,1,0.0,0,card
C0229,2024-07-14,K19,Medan,1,0,11.602363661459007,0,23.45,2,card
C0229,2024-11-09,K2,Medan,2,0,2.0,1,0.0,0,wallet
C0229,2024-01-03,K10,Bandung,3,1,18.033040774319574,0,0.0,0,cash
C0229,2024-01-17,K19,Denpasar,4,1,4.364160717051762,1,0.0,0,cash
C0229,2024-07-29,K6,Medan,5,1,10.878089450543317,0,0.0,0,cash
C0230,2024-02-25,K4,Denpasar,1,0,18.97312694105588,0,16.81,3,card
C0231,2024-03-17,K11,Bandung,1,0,8.187403804267008,1,3.24,3,wallet
C0231,2024-08-03,K13,Jakarta,2,0,12.804421914958844,0,16.97,2,cash
C0231,2024-02-09,K3,Bandung,3,1,12.652578065020478,1,3.68,1,card
C0231,2024-12-27,K11,Denpasar,4,1,2.17035502926511,0,1.45,1,cash
C0231,2024-07-17,K13,Bandung,5,1,11.585696637320423,0,0.0,0,cash
C0232,2024-05-09,K8,Denpasar,1,1,22.114616444430343,1,3.52,1,card
C0232,2024-08-26,K18,Denpasar,2,1,11.987600844384197,0,0.0,0,cash
C0232,2024-06-24,K16,Bandung,3,1,27.46320639231341,1,17.81,3,wallet
C0233,2024-08-18,K13,Bandung,1,0,10.553861609231435,1,2.0,3,cash
C0233,2024-08-13,K16,Bandung,2,1,7.4865016788873335,1,1.99,3,card
C0234,2024-03-04,K6,Surabaya,1,1,3.3029901403163144,0,16.06,3,card
C0234,2024-05-02,K7,Jakarta,2,1,11.37412785808418,0,3.22,3,cash
C0235,2024-03-09,K6,Denpasar,1,0,15.373642730317531,0,15.08,1,wallet
C0236,2024-08-05,K6,Medan,1,1,11.167613065259893,1,7.35,1,cash
C0236,2024-09-15,K16,Bandung,2,0,13.133421242472986,1,5.65,2,card
C0236,2024-12-23,K8,Jakarta,3,1,5.215322151502123,0,5.21,3,card
C0237,2024-09-04,K14,Surabaya,1,1,13.115765273738486,0,0.0,0,cash
C0238,2024-10-11,K7,Jakarta,1,1,13.433964487720987,1,6.87,2,cash
C0238,2024-06-14,K1,Jakarta,2,1,17.473358181901382,0,0.0,0,card
C0238,2024-10-31,K5,Surabaya,3,1,9.099918336731577,0,1.45,2,cash
C0239,2024-05-08,K10,Medan,1,1,6.2179209162807165,0,0.0,0,wallet
C0239,2024-05-04,K20,Medan,2,0,14.76849962628424,1,17.3,1,card
C0239,2024-04-26,K9,Bandung,3,1,7.774230207869206,0,0.0,0,wallet
C0240,2024-02-04,K8,Bandung,1,0,5.8173983182666404,0,12.44,1,cash
C0241,2024-08-05,K3,Denpasar,1,1,7.206107719066126,0,13.5,3,card
C0241,2024-07-22,K1,Denpasar,2,1,5.237456552796388,1,0.0,0,wallet
C0241,2024-05-11,K3,Medan,3,0,14.923198491345595,0,3.46,1,card
C0241,2024-03-23,K4,Medan,4,0,14.708228439252963,1,2.92,1,cash
C0242,2024-01-22,K4,Medan,1,1,5.06065724772099,0,0.0,0,card
C0243,2024-08-30,K5,Surabaya,1,1,17.4524236245382,1,14.3,3,cash
C0243,2024-01-02,K19,Bandung,2,1,17.999377418903414,1,0.0,0,card
C0244,2024-12-20,K5,Denpasar,1,1,7.441617695990582,0,7.61,1,cash
C0244,2024-04-09,K10,Denpasar,2,1,6.976514501728632,1,5.76,2,card
C0245,2024-08-18,K14,Bandung,1,0,20.14469112821788,0,0.0,0,card
C0246,2024-01-20,K20,Denpasar,1,0,7.782992257714812,0,4.64,2,wallet
C0246,2024-03-09,K3,Surabaya,2,0,10.504091137862828,0,5.05,2,cash
C0246,2024-03-02,K3,Jakarta,3,0,12.64841954782638,0,27.04,2,cash
C0246,2024-03-04,K5,Surabaya,4,1,15.821490404692536,0,4.65,2,card
C0246,2024-06-19,K3,Denpasar,5,1,20.257249151376218,0,8.33,1,wallet
C0247,2024-10-25,K18,Denpasar,1,1,16.18150900335861,1,3.48,2,card
C0247,2024-06-29,K18,Bandung,2,0,7.621382072500729,0,0.0,0,wallet
C0248,2024-10-07,K8,Bandung,1,1,6.143919133113652,0,18.16,2,wallet
C0249,2024-10-15,K15,Surabaya,1,1,9.548892039923553,0,33.32,1,wallet
C0249,2024-10-08,K1,Bandung,2,1,8.603846734035224,0,3.18,2,wallet
C0249,2024-07-23,K6,Surabaya,3,1,15.186623415115363,0,5.06,2,cash
C0250,2024-07-04,K6,Surabaya,1,1,23.077723081023823,0,23.73,3,card
C0251,2024-03-29,K9,Medan,1,1,15.592087117358204,1,12.47,2,cash
C0252,2024-04-29,K17,Bandung,1,1,14.401302507029625,0,7.36,2,card
C0253,2024-04-01,K13,Jakarta,1,1,6.129629341955127,1,3.21,3,card
C0253,2024-05-18,K3,Medan,2,0,8.000034526524818,1,4.21,3,cash
C0253,2024-08-02,K8,Surabaya,3,1,13.557480343442228,1,6.71,2,wallet
C0253,2024-09-05,K10,Bandung,4,1,7.571688691718844,0,0.0,0,card
C0253,2024-06-16,K14,Denpasar,5,0,9.261709473143078,0,12.87,3,cash
C0254,2024-08-03,K11,Jakarta,1,0,4.337468630348405,0,4.67,1,cash
C0254,2024-01-02,K6,Medan,2,1,22.56174854742877,1,0.89,2,wallet
C0255,2024-06-17,K1,Jakarta,1,1,12.673537340514022,1,0.0,0,cash
C0256,2024-04-03,K7,Denpasar,1,1,11.407456391425438,0,0.0,0,wallet
C0256,2024-11-04,K18,Medan,2,1,7.832489801412309,0,13.43,2,cash
C0257,2024-02-08,K12,Jakarta,1,1,12.903871193629202,0,9.09,3,cash
C0258,2024-01-15,K5,Jakarta,1,1,15.547680853632205,0,0.0,0,cash
C0258,2024-11-06,K18,Denpasar,2,1,9.978772004013855,0,12.99,1,cash
C0259,2024-07-04,K19,Denpasar,1,1,2.0,0,10.17,2,cash
C0259,2024-01-18,K17,Bandung,2,1,15.654794881881081,0,4.09,1,cash
C0260,2024-12-06,K16,Surabaya,1,1,8.746700863158082,0,0.0,0,cash
C0261,2024-09-28,K18,Bandung,1,0,10.839877447916809,0,5.69,1,cash
C0262,2024-10-09,K3,Medan,1,1,7.348471510727775,1,13.38,1,card
C0262,2024-04-10,K2,Denpasar,2,1,10.224391722547505,1,0.0,0,wallet
C0263,2024-11-10,K17,Medan,1,0,15.401077279514118,0,11.31,2,wallet
C0263,2024-05-16,K20,Surabaya,2,1,4.8666205238983045,0,7.11,3,wallet
C0264,2024-04-09,K15,Bandung,1,1,18.75426165349503,0,9.23,2,cash
C0264,2024-03-24,K4,Surabaya,2,0,8.731604296812906,0,0.0,0,wallet
C0264,2024-11-26,K14,Surabaya,3,1,9.607308497885231,1,10.58,3,cash
C0264,2024-12-29,K20,Medan,4,0,16.7440654823581,0,15.31,3,cash
C0265,2024-11-29,K18,Jakarta,1,1,5.088486954316191,0,10.51,1,cash
C0266,2024-08-13,K17,Medan,1,1,15.927955650826512,0,1.2,2,wallet
C0266,2024-11-21,K6,Bandung,2,1,14.225521274163533,1,0.0,0,wallet
C0266,2024-07-21,K18,Medan,3,0,12.267703153077505,0,4.17,1,wallet
C0266,2024-07-28,K8,Surabaya,4,0,13.672300320485025,0,16.31,1,cash
C0267,2024-11-23,K5,Surabaya,1,0,6.135080742673033,1,13.5,3,cash
C0268,2024-08-29,K12,Jakarta,1,1,16.13557714282884,0,1.4,3,cash
C0268,2024-09-06,K11,Bandung,2,1,20.022537900827007,0,9.4,2,card
C0269,2024-10-30,K13,Surabaya,1,1,16.779687378821823,0,3.2,3,cash
C0269,2024-07-09,K15,Jakarta,2,1,11.638011879861914,0,9.26,1,wallet
C0269,2024-09-14,K6,Bandung,3,0,17.13071022200983,0,0.0,0,wallet
C0270,2024-09-14,K6,Medan,1,0,18.514927493584604,0,12.65,1,card
C0270,2024-06-03,K20,Jakarta,2,1,6.400042848641918,0,0.0,0,cash
C0270,2024-05-16,K3,Surabaya,3,1,11.131854833811747,1,0.0,0,wallet
C0271,2024-11-18,K11,Bandung,1,1,9.94139209422204,1,9.85,2,cash
C0271,2024-11-05,K14,Medan,2,1,13.576224632854272,1,17.5,1,cash
C0271,2024-04-22,K19,Jakarta,3,1,16.854024262686014,0,27.0,1,card
C0272,2024-08-20,K11,Medan,1,1,11.75517484570775,0,4.77,2,cash
C0272,2024-11-07,K4,Denpasar,2,1,7.094481430251322,1,0.0,0,card
C0273,2024-11-03,K11,Jakarta,1,0,7.848497340078962,0,0.0,0,cash
C0273,2024-01-07,K7,Surabaya,2,0,2.318470968299984,1,0.0,0,wallet
C0273,2024-10-18,K15,Jakarta,3,1,15.491942171530445,1,31.7,1,cash
C0273,2024-08-11,K11,Denpasar,4,0,14.692174786082262,0,14.0,3,cash
C0274,2024-11-22,K18,Jakarta,1,1,13.915840948794502,1,23.82,1,card
C0275,2024-08-25,K17,Bandung,1,0,2.468638389996471,1,4.74,2,wallet
C0275,2024-05-24,K9,Medan,2,1,12.103442539333088,0,5.83,3,cash
C0275,2024-03-13,K15,Surabaya,3,1,13.888157347164547,1,10.19,3,cash
C0275,2024-06-30,K5,Surabaya,4,0,18.51532490166221,0,0.0,0,card
C0275,2024-07-02,K6,Bandung,5,1,6.432709958923694,1,5.42,1,card
C0276,2024-07-10,K20,Bandung,1,1,19.610733792740234,0,0.0,0,card
C0277,2024-04-13,K17,Jakarta,1,0,4.219873606070228,1,14.3,3,cash
C0277,2024-04-22,K12,Jakarta,2,1,11.902477357295677,1,0.0,0,card
C0277,2024-11-13,K10,Bandung,3,1,13.241625712579411,1,13.36,2,wallet
C0277,2024-05-24,K12,Denpasar,4,1,12.390588676180082,1,0.0,0,card
C0277,2024-11-15,K6,Surabaya,5,1,18.283884391804477,0,0.0,0,card
C0278,2024-11-06,K4,Denpasar,1,1,11.85820535371313,0,0.0,0,cash
C0279,2024-07-27,K9,Medan,1,0,12.212741289951547,1,9.63,1,cash
C0280,2024-08-16,K16,Jakarta,1,1,13.96317057825484,0,0.0,0,wallet
C0281,2024-01-15,K4,Bandung,1,1,14.85747368231781,1,11.62,1,wallet
C0281,2024-05-03,K13,Denpasar,2,1,16.539811568135246,1,8.11,1,cash
C0281,2024-04-12,K11,Surabaya,3,1,5.889119674244938,1,9.16,1,cash
C0282,2024-06-01,K6,Surabaya,1,0,16.292425859597895,0,11.35,1,card
C0282,2024-02-21,K9,Bandung,2,1,16.17804012559985,0,0.0,0,wallet
C0283,2024-11-04,K4,Medan,1,1,20.290851033470794,1,1.95,1,card
C0283,2024-03-29,K17,Denpasar,2,1,22.16890407871581,1,1.02,2,wallet
C0283,2024-12-05,K2,Medan,3,1,16.013904179574105,0,8.37,2,card
C0283,2024-03-31,K14,Bandung,4,0,7.79805146830205,0,3.45,3,card
C0283,2024-02-17,K20,Bandung,5,0,16.53743793110736,0,7.58,2,cash
C0284,2024-12-21,K13,Denpasar,1,0,10.029221144076013,0,14.26,2,card
C0285,2024-06-01,K6,Bandung,1,0,12.067251823096464,0,25.98,2,cash
C0285,2024-07-22,K12,Surabaya,2,1,9.953712725311298,1,0.0,0,card
C0285,2024-05-25,K9,Denpasar,3,0,11.49002641682034,1,23.63,3,card
C0286,2024-02-25,K15,Denpasar,1,0,7.787836849368368,1,0.0,0,cash
C0286,2024-02-26,K2,Bandung,2,1,9.307131633516878,0,3.52,2,cash
C0286,2024-05-12,K2,Jakarta,3,0,9.784733001210018,1,0.0,0,wallet
C0287,2024-10-04,K1,Medan,1,1,5.320687979156933,0,18.95,2,card
C0288,2024-06-11,K7,Surabaya,1,1,15.049145388317465,0,13.94,3,wallet
C0289,2024-02-11,K19,Jakarta,1,0,17.604242218239044,0,0.83,2,cash
C0289,2024-11-03,K2,Jakarta,2,0,9.378586285450606,1,0.0,0,cash
C0290,2024-02-14,K9,Surabaya,1,1,13.42028285264935,0,0.0,0,card
C0291,2024-09-28,K19,Denpasar,1,0,12.390637517473928,1,10.11,1,card
C0292,2024-08-26,K10,Medan,1,1,18.245001039112516,0,5.58,1,cash
C0292,2024-07-12,K19,Jakarta,2,1,16.918573467639987,0,0.0,0,wallet
C0292,2024-11-16,K9,Medan,3,0,18.127352726572347,0,5.9,3,card
C0292,2024-10-31,K5,Surabaya,4,1,10.264067524438687,0,7.2,2,cash
C0293,2024-11-02,K10,Denpasar,1,0,15.854011099939855,0,0.0,0,card
C0293,2024-06-15,K20,Surabaya,2,0,2.0,1,13.01,2,wallet
C0294,2024-12-19,K5,Jakarta,1,1,10.193768285361937,0,4.12,3,cash
C0294,2024-04-16,K2,Denpasar,2,1,21.289642804638415,0,0.0,0,card
C0294,2024-10-13,K8,Denpasar,3,0,5.60933429907417,0,18.28,3,cash
C0294,2024-01-20,K1,Medan,4,0,15.651784656005994,0,10.12,2,card
C0295,2024-02-12,K18,Surabaya,1,1,12.142329696061445,0,8.72,1,card
C0295,2024-11-01,K12,Surabaya,2,1,8.441044162652725,1,0.0,0,cash
C0296,2024-05-18,K20,Medan,1,0,5.346474343345369,0,0.0,0,wallet
C0297,2024-12-24,K17,Denpasar,1,1,4.944715844669591,1,0.7,3,cash
C0297,2024-10-04,K10,Jakarta,2,1,15.221592470356802,0,14.67,2,card
C0298,2024-06-17,K2,Bandung,1,1,7.517077932720272,0,0.0,0,cash
C0298,2024-06-16,K15,Bandung,2,0,8.022763820665057,1,8.77,1,wallet
C0298,2024-06-11,K15,Surabaya,3,1,11.544620698234864,0,15.85,3,wallet
C0298,2024-06-18,K8,Medan,4,1,25.843460241295272,1,1.4,3,cash
C0298,2024-12-07,K17,Bandung,5,0,15.950073341425224,0,0.0,0,wallet
C0299,2024-04-19,K8,Medan,1,1,10.797149839119594,1,0.0,0,card
C0299,2024-02-17,K20,Medan,2,0,12.676035405318297,1,0.0,0,card
C0300,2024-04-11,K19,Bandung,1,1,8.912564219208026,0,16.94,2,card
C0300,2024-07-23,K16,Medan,2,1,11.028544746922346,1,7.86,2,cash
C0301,2024-04-21,K11,Medan,1,0,15.09844460806056,1,6.03,3,cash
C0301,2024-02-18,K12,Surabaya,2,0,8.442689029581476,1,0.76,1,wallet
C0301,2024-07-17,K10,Jakarta,3,1,10.077715605114541,0,0.0,0,cash
C0301,2024-07-08,K14,Jakarta,4,1,5.089912156537812,1,9.45,3,wallet
C0302,2024-01-08,K16,Denpasar,1,1,10.86446996109537,1,0.0,0,card
C0303,2024-01-10,K11,Jakarta,1,1,19.230112750282366,0,7.45,3,card
C0303,2024-12-22,K20,Denpasar,2,0,7.0044018041978475,0,0.0,0,cash
C0304,2024-01-23,K19,Medan,1,1,14.70868823808095,0,6.1,1,cash
C0304,2024-02-20,K14,Medan,2,1,24.50450248967141,0,7.34,3,card
C0305,2024-05-27,K12,Denpasar,1,1,11.302776467957752,1,17.71,1,wallet
C0306,2024-11-15,K18,Jakarta,1,1,17.15149606809264,1,0.0,0,card
C0307,2024-04-14,K18,Jakarta,1,0,22.868550697763716,0,13.54,1,wallet
C0307,2024-12-11,K16,Denpasar,2,1,3.2767487985067376,0,0.0,0,cash
C0307,2024-03-12,K4,Denpasar,3,1,10.127329246248745,0,6.3,1,cash
C0307,2024-03-03,K20,Denpasar,4,0,13.95563938466363,0,24.08,3,cash
C0308,2024-07-05,K10,Jakarta,1,1,11.963226731755922,1,0.0,0,cash
C0308,2024-05-17,K18,Jakarta,2,1,9.042263961639271,0,9.71,1,cash
C0308,2024-09-09,K3,Surabaya,3,1,7.636832349430309,1,3.49,3,cash
C0309,2024-04-01,K13,Denpasar,1,1,14.40676998946705,0,0.0,0,wallet
C0309,2024-08-05,K11,Surabaya,2,1,10.369937520915755,0,7.29,2,card
C0309,2024-01-30,K10,Bandung,3,1,13.639055367870617,1,0.0,0,wallet
C0310,2024-10-03,K3,Denpasar,1,1,10.880138317782222,1,16.12,3,cash
C0310,2024-07-10,K15,Medan,2,1,17.00781139881694,0,5.56,2,card
C0310,2024-03-13,K6,Medan,3,1,14.432248419563233,1,3.78,3,cash
C0311,2024-07-29,K13,Medan,1,1,10.654199148445446,1,0.0,0,cash
C0311,2024-09-29,K3,Surabaya,2,0,8.015053341265565,0,5.99,1,cash
C0311,2024-07-18,K7,Bandung,3,1,2.0,0,19.67,1,cash
C0312,2024-02-07,K14,Jakarta,1,1,10.290890898769323,1,3.58,2,card
C0312,2024-08-10,K16,Denpasar,2,0,9.511637382854802,0,19.34,2,wallet
C0313,2024-11-20,K9,Surabaya,1,1,8.274161148413247,0,6.01,2,cash
C0314,2024-12-14,K3,Surabaya,1,0,10.316814585689727,1,12.89,2,wallet
C0314,2024-11-15,K4,Surabaya,2,1,16.499559331943868,0,0.0,0,wallet
C0315,2024-01-04,K18,Bandung,1,1,14.77970725822921,0,12.33,3,wallet
C0316,2024-09-21,K6,Jakarta,1,0,2.4752777299468054,1,0.0,0,cash
C0316,2024-10-13,K15,Bandung,2,0,10.399497618249582,0,0.0,0,cash
C0316,2024-10-14,K16,Surabaya,3,1,10.104491258256264,0,0.45,1,wallet
C0316,2024-10-15,K1,Denpasar,4,1,12.10208583606459,0,13.86,1,wallet
C0316,2024-03-05,K6,Jakarta,5,1,12.916065241844182,0,2.0,3,cash
C0317,2024-01-02,K14,Medan,1,1,19.434658859651037,0,5.22,2,wallet
C0317,2024-02-26,K5,Surabaya,2,1,2.4753211129105708,0,3.04,2,card
C0318,2024-03-20,K9,Medan,1,1,4.209636320732433,1,10.11,2,wallet
C0318,2024-08-01,K12,Jakarta,2,1,26.167478059471364,0,0.0,0,card
C0318,2024-02-15,K17,Denpasar,3,1,6.208928264555128,0,8.52,3,card
C0318,2024-04-26,K4,Denpasar,4,1,14.216190490426065,0,7.27,3,wallet
C0318,2024-06-21,K12,Medan,5,1,15.858035548036343,0,3.42,2,card
C0319,2024-05-16,K10,Denpasar,1,1,19.209712009763003,0,17.68,3,cash
C0320,2024-05-20,K18,Denpasar,1,1,7.785472178378449,0,7.45,2,card
C0321,2024-03-20,K7,Denpasar,1,1,13.75373848523828,0,0.0,0,cash
C0322,2024-05-02,K11,Jakarta,1,1,5.776857664208872,0,0.0,0,card
C0323,2024-09-10,K17,Surabaya,1,1,6.471872491427798,0,13.38,1,cash
C0323,2024-01-21,K17,Medan,2,0,14.04869316384546,0,14.58,3,card
C0324,2024-04-25,K15,Surabaya,1,1,10.693499447155524,1,4.21,2,cash
C0325,2024-07-04,K12,Jakarta,1,1,11.20674408265494,0,0.0,0,cash
C0326,2024-12-11,K14,Surabaya,1,1,13.08789768171481,1,0.0,0,wallet
C0326,2024-12-06,K9,Surabaya,2,1,10.260476969702147,0,10.8,3,wallet
C0326,2024-09-03,K17,Jakarta,3,1,9.588292123936316,1,2.19,2,wallet
C0326,2024-12-18,K1,Jakarta,4,1,17.033650356135325,1,11.6,2,cash
C0326,2024-01-31,K10,Jakarta,5,1,2.0,1,7.89,3,cash
C0327,2024-03-27,K3,Denpasar,1,1,10.267194811465664,1,12.18,3,cash
C0328,2024-10-12,K7,Jakarta,1,0,10.007465410587432,1,0.0,0,wallet
C0329,2024-10-20,K4,Surabaya,1,0,5.444569688154045,0,11.88,1,cash
C0330,2024-03-27,K10,Medan,1,1,15.995340612581938,0,10.1,2,card
C0331,2024-08-29,K1,Surabaya,1,1,22.43996841255047,0,13.71,3,cash
C0331,2024-03-29,K11,Jakarta,2,1,15.538574414330643,1,0.0,0,wallet
C0332,2024-10-24,K20,Surabaya,1,1,10.097537822246114,1,13.6,1,cash
C0333,2024-07-14,K4,Jakarta,1,0,12.587908403309433,1,10.1,1,card
C0333,2024-06-21,K14,Bandung,2,1,4.7654935459582175,0,0.0,0,wallet
C0333,2024-12-09,K2,Bandung,3,1,12.67614605588341,1,19.38,2,cash
C0334,2024-12-01,K19,Denpasar,1,0,16.7287992670622,1,11.99,1,cash
C0334,2024-07-26,K1,Medan,2,1,14.174705191839493,1,18.54,2,wallet
C0334,2024-11-16,K3,Surabaya,3,0,7.008466123544725,0,6.04,1,wallet
C0334,2024-08-18,K16,Jakarta,4,0,14.593965087258606,0,0.0,0,cash
C0334,2024-12-10,K12,Jakarta,5,1,11.834223334750035,1,5.2,3,card
C0335,2024-09-17,K3,Bandung,1,1,18.607293879380016,0,0.0,0,card
C0335,2024-01-29,K17,Surabaya,2,1,16.725366339345456,1,3.01,1,card
C0335,2024-05-07,K17,Medan,3,1,12.68374804968816,0,0.0,0,wallet
C0335,2024-06-26,K11,Denpasar,4,1,14.549519493076362,0,0.0,0,card
C0336,2024-09-10,K5,Denpasar,1,1,14.582397401910985,0,0.0,0,card
C0336,2024-07-26,K13,Bandung,2,1,17.875117909804192,1,6.56,2,wallet
C0337,2024-09-17,K8,Bandung,1,1,13.483274264792088,0,0.0,0,cash
C0337,2024-12-24,K11,Jakarta,2,1,5.898821503871397,1,0.0,0,card
C0338,2024-05-26,K13,Surabaya,1,0,13.117886787513383,1,3.36,1,cash
C0338,2024-06-09,K14,Bandung,2,0,21.04430688946472,1,0.0,0,card
C0338,2024-07-29,K9,Denpasar,3,1,14.803846745075836,0,0.0,0,cash
C0339,2024-04-21,K6,Surabaya,1,0,13.867486808635027,0,0.0,0,cash
C0339,2024-01-22,K6,Bandung,2,1,10.355793458117304,1,3.56,2,cash
C0340,2024-12-11,K19,Medan,1,1,6.113781262527093,1,26.59,2,wallet
C0341,2024-10-07,K2,Surabaya,1,1,13.392425402723728,1,0.0,0,card
C0341,2024-06-12,K6,Jakarta,2,1,21.394233546657272,1,0.0,0,wallet
C0341,2024-04-25,K16,Denpasar,3,1,15.600403260744784,0,0.0,0,card
C0341,2024-01-17,K1,Denpasar,4,1,14.186618912146573,0,12.14,2,cash
C0341,2024-07-20,K2,Medan,5,0,12.108647454948613,1,8.52,3,wallet
C0342,2024-07-29,K1,Medan,1,1,12.016879874461296,1,29.47,3,card
C0342,2024-08-14,K6,Jakarta,2,1,8.134851451986485,0,0.0,0,wallet
C0343,2024-11-27,K18,Medan,1,1,9.691837992171589,0,3.88,3,cash
C0344,2024-02-25,K2,Jakarta,1,0,9.146871658593593,1,12.92,2,cash
C0344,2024-06-15,K3,Medan,2,0,11.190225915293363,0,9.72,1,card
C0345,2024-08-10,K6,Denpasar,1,0,14.192063497483225,0,0.0,0,cash
C0346,2024-11-15,K3,Bandung,1,1,17.265000136493704,0,9.66,3,wallet
C0346,2024-09-12,K10,Jakarta,2,1,11.918413938269886,0,3.26,3,card
C0346,2024-07-12,K16,Surabaya,3,1,7.070285275989212,0,25.2,1,cash
C0346,2024-10-14,K18,Surabaya,4,1,18.85693661941631,1,0.0,0,card
C0346,2024-04-19,K16,Medan,5,1,14.472691797029162,0,0.0,0,cash
C0347,2024-01-17,K15,Bandung,1,1,26.25388711934871,1,6.77,1,card
C0348,2024-09-03,K13,Bandung,1,1,14.333776024192895,0,0.0,0,card
C0349,2024-04-06,K13,Medan,1,0,15.950077044890897,0,0.0,0,cash
C0349,2024-08-02,K16,Bandung,2,1,18.014646146410197,0,0.0,0,cash
C0350,2024-01-26,K11,Denpasar,1,1,16.3777895971824,0,0.0,0,card
C0351,2024-02-20,K8,Jakarta,1,1,13.373689894927857,0,4.12,1,cash
C0351,2024-03-19,K19,Denpasar,2,1,2.9829813288636977,0,0.0,0,card
C0351,2024-06-30,K17,Medan,3,0,15.136456006427316,0,17.57,3,cash
C0351,2024-02-07,K2,Medan,4,1,14.396476780955332,0,17.77,3,card
C0351,2024-04-02,K19,Surabaya,5,1,19.29833616652132,0,0.0,0,card
C0352,2024-09-07,K7,Denpasar,1,0,6.678949230799633,0,0.0,0,card
C0353,2024-08-08,K20,Surabaya,1,1,16.591246268648014,0,1.34,1,cash
C0354,2024-05-28,K2,Surabaya,1,1,9.603558813809274,0,0.0,0,card
C0354,2024-07-14,K18,Medan,2,0,7.519853928470001,0,0.0,0,wallet
C0354,2024-09-05,K20,Denpasar,3,1,13.362772067596365,0,17.36,2,card
C0355,2024-06-11,K8,Surabaya,1,1,8.843031759202468,1,4.85,2,card
C0355,2024-05-10,K9,Medan,2,1,7.963175157450029,0,15.01,1,card
C0356,2024-12-29,K14,Bandung,1,0,15.454554786960964,0,13.64,3,wallet
C0356,2024-07-10,K19,Medan,2,1,15.869508978995515,0,5.78,1,wallet
C0356,2024-09-05,K12,Denpasar,3,1,15.089183913509586,1,0.0,0,cash
C0356,2024-07-14,K4,Bandung,4,0,9.951933076011523,1,15.17,1,cash
C0357,2024-01-16,K2,Denpasar,1,1,21.50560365633804,0,1.41,1,cash
C0358,2024-11-30,K9,Medan,1,0,8.916734390132639,1,19.13,1,card
C0358,2024-11-21,K4,Denpasar,2,1,22.493661770252125,1,0.0,0,cash
C0359,2024-03-14,K1,Medan,1,1,5.072953040909353,1,0.0,0,wallet
C0359,2024-12-10,K4,Medan,2,1,5.66551643536703,0,0.0,0,card
C0359,2024-11-01,K11,Surabaya,3,1,7.148080091243734,0,11.5,3,cash
C0359,2024-11-05,K11,Jakarta,4,1,11.804376832233237,0,25.2,3,wallet
C0359,2024-03-01,K2,Jakarta,5,1,11.430554036164887,0,0.0,0,wallet
C0360,2024-12-07,K4,Denpasar,1,0,12.224090985500839,0,0.0,0,card
C0361,2024-09-22,K6,Bandung,1,0,10.834515394814254,0,12.27,3,card
C0361,2024-05-11,K16,Bandung,2,0,14.740631643636451,0,0.0,0,wallet
C0362,2024-09-28,K17,Bandung,1,0,2.0,0,2.16,1,cash
C0363,2024-09-30,K19,Medan,1,1,10.231817895753544,0,0.0,0,cash
C0363,2024-09-05,K10,Medan,2,1,10.540680754301196,0,0.0,0,cash
C0363,2024-05-01,K16,Denpasar,3,1,13.816436381719942,0,4.55,3,card
C0363,2024-02-04,K17,Jakarta,4,0,7.413168354239029,0,6.99,2,wallet
C0364,2024-09-19,K20,Surabaya,1,1,10.426545856059537,0,8.58,2,wallet
C0364,2024-10-24,K15,Jakarta,2,1,14.083004573805525,0,5.7,1,cash
C0364,2024-09-07,K5,Medan,3,0,2.226595022006233,0,10.28,3,card
C0364,2024-04-23,K3,Denpasar,4,1,20.513223346860997,1,6.3,3,wallet
C0365,2024-08-09,K20,Medan,1,1,17.326881361298014,0,0.0,0,card
C0365,2024-05-07,K12,Medan,2,1,10.709772421944193,0,0.0,0,card
C0365,2024-12-22,K7,Denpasar,3,0,18.462146871685412,0,3.27,1,card
C0366,2024-07-02,K9,Bandung,1,1,11.62536721940776,0,6.28,2,wallet
C0367,2024-03-01,K13,Medan,1,1,14.505856322443341,1,0.0,0,card
C0368,2024-12-20,K18,Jakarta,1,1,11.913741535678787,0,8.41,2,cash
C0368,2024-09-13,K6,Bandung,2,1,9.989726072329825,0,0.0,0,wallet
C0368,2024-12-08,K12,Bandung,3,0,19.83254563352954,0,1.79,1,card
C0368,2024-03-12,K12,Denpasar,4,1,15.410688331694875,1,3.65,3,cash
C0369,2024-03-09,K8,Bandung,1,0,10.307821075925904,0,21.25,1,wallet
C0370,2024-06-21,K1,Medan,1,1,14.601902075337392,1,0.0,0,card
C0370,2024-09-24,K9,Denpasar,2,1,22.865828320715103,1,7.88,1,cash
C0370,2024-03-20,K2,Medan,3,1,19.155760588808704,1,0.55,2,cash
C0370,2024-08-08,K15,Surabaya,4,1,2.7986680760221567,0,6.76,3,card
C0371,2024-08-30,K19,Medan,1,1,13.174267994837557,1,20.18,1,card
C0372,2024-05-14,K19,Medan,1,1,2.6834280084800284,0,19.19,3,cash
C0373,2024-02-14,K20,Denpasar,1,1,12.305142917781604,0,16.78,1,cash
C0374,2024-02-04,K20,Medan,1,0,7.405210826502317,1,1.64,1,card
C0374,2024-09-08,K15,Bandung,2,0,9.498927421245615,1,0.0,0,card
C0374,2024-03-17,K8,Jakarta,3,0,10.30460813186576,1,6.68,2,cash
C0374,2024-08-15,K20,Bandung,4,1,14.985362805056793,0,0.0,0,card
C0374,2024-08-12,K14,Jakarta,5,1,15.294676774268419,0,2.94,3,card
C0375,2024-02-25,K1,Denpasar,1,0,16.165788833147175,1,17.48,2,cash
C0375,2024-06-03,K1,Medan,2,1,9.76391092635572,0,4.89,3,card
C0375,2024-08-05,K7,Denpasar,3,1,16.68028083968008,0,1.41,1,cash
C0375,2024-03-16,K8,Jakarta,4,0,15.884683514657583,0,0.0,0,wallet
C0375,2024-09-13,K9,Bandung,5,1,12.716531525000018,0,8.44,3,card
C0376,2024-09-02,K6,Denpasar,1,1,10.458950132863714,1,0.0,0,cash
C0376,2024-06-26,K7,Denpasar,2,1,10.648044122778796,0,3.98,3,card
C0376,2024-11-20,K12,Denpasar,3,1,6.476621854311751,1,0.0,0,card
C0376,2024-01-08,K7,Denpasar,4,1,17.34956717705486,0,13.58,3,wallet
C0376,2024-07-03,K14,Medan,5,1,17.19554883758226,0,0.0,0,card
C0377,2024-02-21,K12,Denpasar,1,1,13.271578132768552,0,12.24,2,wallet
C0378,2024-08-21,K9,Denpasar,1,1,14.350546045978469,1,4.57,3,cash
C0378,2024-09-16,K9,Medan,2,1,4.160058672198662,0,7.82,2,cash
C0379,2024-07-16,K5,Jakarta,1,1,11.540521872921559,1,1.94,1,cash
C0379,2024-02-18,K2,Jakarta,2,0,12.903699437152854,0,7.25,3,card
C0379,2024-12-09,K11,Denpasar,3,1,11.084878084294777,0,21.25,3,card
C0379,2024-10-08,K12,Jakarta,4,1,20.38894877372751,0,5.05,1,cash
C0379,2024-04-14,K1,Surabaya,5,0,10.751529137666031,1,4.07,2,cash
C0380,2024-09-09,K3,Bandung,1,1,17.28617202342081,1,6.17,1,wallet
C0381,2024-10-01,K1,Denpasar,1,1,16.450288662377297,1,11.44,2,card
C0382,2024-03-30,K5,Medan,1,0,13.312640061616625,0,5.0,1,wallet
C0382,2024-01-01,K11,Medan,2,1,4.879387941710311,0,1.46,2,card
C0382,2024-05-11,K16,Surabaya,3,0,11.127577466914875,0,5.72,3,wallet
C0382,2024-08-30,K6,Denpasar,4,1,9.231455034620751,1,16.61,2,cash
C0383,2024-11-17,K16,Surabaya,1,0,8.396330064122846,0,0.0,0,card
C0383,2024-03-27,K13,Bandung,2,1,13.92985046284438,0,0.0,0,cash
C0384,2024-04-10,K10,Jakarta,1,1,24.20610861235957,1,2.81,3,card
C0385,2024-03-26,K12,Denpasar,1,1,6.582424464950946,1,11.49,2,card
C0386,2024-12-27,K12,Denpasar,1,1,14.209005638730364,1,13.37,1,card
C0386,2024-12-29,K12,Bandung,2,0,5.250371810693635,0,6.73,3,cash
C0387,2024-09-12,K9,Medan,1,1,6.879034984111424,0,5.73,3,card
C0387,2024-01-23,K15,Surabaya,2,1,11.29773450258743,1,0.0,0,cash
C0387,2024-11-20,K15,Bandung,3,1,5.777567750555671,0,0.0,0,wallet
C0388,2024-03-07,K16,Denpasar,1,1,14.249136068632549,1,0.0,0,wallet
C0389,2024-05-29,K5,Denpasar,1,1,13.3401599354299,1,0.0,0,cash
C0390,2024-01-12,K16,Surabaya,1,1,10.353012449188487,1,1.51,3,cash
C0390,2024-02-21,K19,Denpasar,2,1,11.424146036143252,0,5.13,2,wallet
C0391,2024-12-23,K20,Surabaya,1,1,2.0,0,7.46,1,wallet
C0392,2024-12-29,K14,Medan,1,0,12.376242873831746,0,0.0,0,card
C0393,2024-07-26,K16,Bandung,1,1,12.522450138095676,0,0.0,0,wallet
C0394,2024-08-27,K6,Surabaya,1,1,2.91682214775447,0,6.0,1,card
C0395,2024-07-02,K13,Denpasar,1,1,15.85011243565354,0,2.38,1,wallet
C0396,2024-01-25,K4,Surabaya,1,1,12.771721163211705,0,0.0,0,card
C0397,2024-05-28,K17,Denpasar,1,1,6.669839141861597,0,0.0,0,card
C0397,2024-08-20,K8,Medan,2,1,19.801277647654654,1,8.01,3,card
C0398,2024-11-27,K11,Surabaya,1,1,6.3694301211063005,0,1.02,1,wallet
C0398,2024-12-10,K15,Medan,2,1,4.563200416371285,1,0.0,0,cash
C0398,2024-08-04,K12,Medan,3,0,9.50524438137041,0,6.63,1,cash
C0399,2024-01-21,K20,Surabaya,1,0,10.831379710741373,1,13.85,3,wallet
C0399,2024-10-11,K8,Surabaya,2,1,12.160925435184199,0,10.36,2,card
C0399,2024-08-04,K5,Jakarta,3,0,15.299141488655739,1,22.16,2,card
C0399,2024-09-06,K2,Surabaya,4,1,13.26504243338896,1,7.98,1,card
C0399,2024-08-12,K8,Denpasar,5,1,13.7641682157631,1,4.23,2,card
C0400,2024-12-14,K2,Denpasar,1,0,14.280608293761945,1,0.0,0,card
C0401,2024-06-26,K11,Surabaya,1,1,14.844075057750938,1,4.96,1,card
C0401,2024-05-16,K15,Jakarta,2,1,12.585621080749256,0,4.53,1,card
C0401,2024-04-09,K9,Jakarta,3,1,19.354953810133892,1,3.4,2,card
C0401,2024-09-12,K17,Bandung,4,1,14.545703811353498,0,15.08,3,card
C0402,2024-09-28,K13,Jakarta,1,0,17.019377211412454,0,0.0,0,card
C0402,2024-03-01,K6,Jakarta,2,1,2.0,0,0.92,1,card
C0403,2024-07-24,K1,Denpasar,1,1,12.738652516321153,1,14.5,2,cash
C0404,2024-02-20,K4,Medan,1,1,18.957116767681217,0,6.97,1,cash
C0404,2024-01-26,K19,Jakarta,2,1,12.172517826158288,0,0.0,0,card
C0404,2024-09-02,K8,Denpasar,3,1,15.436192251976442,1,4.0,2,card
C0405,2024-11-05,K10,Bandung,1,1,12.456505855298342,0,12.67,2,wallet
C0405,2024-05-22,K3,Denpasar,2,1,14.580720197931898,1,6.06,3,cash
C0405,2024-01-16,K6,Surabaya,3,1,13.542154335944723,0,0.0,0,wallet
C0406,2024-06-13,K19,Surabaya,1,1,11.197754715948388,1,0.0,0,cash
C0406,2024-12-18,K6,Denpasar,2,1,17.838709627638895,0,0.0,0,card
C0406,2024-04-27,K18,Denpasar,3,0,21.48943646329353,0,4.26,1,card
C0407,2024-05-29,K3,Surabaya,1,1,9.37592745552428,1,7.62,1,wallet
C0407,2024-03-09,K18,Denpasar,2,0,8.911522892768652,0,3.07,3,card
C0407,2024-03-02,K12,Surabaya,3,0,5.229411592211897,1,13.86,1,wallet
C0407,2024-09-23,K20,Jakarta,4,1,16.066402030322966,0,1.06,2,wallet
C0407,2024-04-06,K16,Denpasar,5,0,14.72949558557662,0,3.99,2,wallet
C0408,2024-05-31,K9,Denpasar,1,1,17.533552121436585,0,7.26,2,cash
C0408,2024-12-18,K10,Denpasar,2,1,6.4708312770357095,0,0.59,2,card
C0409,2024-02-09,K3,Denpasar,1,1,8.133968978189214,0,0.0,0,cash
C0409,2024-03-05,K4,Denpasar,2,1,18.85579776769096,0,0.0,0,wallet
C0409,2024-05-15,K3,Jakarta,3,1,20.240013950283497,0,0.0,0,cash
C0410,2024-02-03,K10,Medan,1,0,18.346164534601137,0,7.61,2,cash
C0410,2024-05-19,K15,Medan,2,0,5.956972181875971,0,8.46,2,wallet
C0410,2024-04-19,K5,Surabaya,3,1,15.264207671605785,1,16.8,1,cash
C0411,2024-04-21,K12,Surabaya,1,0,10.464897511936243,0,1.69,1,cash
C0411,2024-06-30,K9,Jakarta,2,0,13.235425935498137,0,58.8,3,wallet
C0412,2024-07-13,K12,Surabaya,1,0,11.8881556906083,1,7.82,3,card
C0413,2024-05-25,K8,Medan,1,0,7.954004985585919,1,5.02,3,wallet
C0414,2024-01-30,K6,Medan,1,1,9.425306467833638,0,4.75,3,card
C0415,2024-04-29,K14,Surabaya,1,1,11.53168837555361,0,8.07,1,wallet
C0416,2024-11-29,K15,Medan,1,1,7.1111089452057445,0,2.58,1,card
C0417,2024-11-13,K10,Jakarta,1,1,15.511382137757892,1,0.0,0,card
C0417,2024-04-23,K18,Jakarta,2,1,15.095482390257756,1,21.88,1,cash
C0417,2024-03-07,K4,Jakarta,3,1,18.05350626573758,0,8.93,1,cash
C0417,2024-10-08,K7,Bandung,4,1,7.771668536420906,1,8.22,1,cash
C0418,2024-06-29,K8,Bandung,1,0,5.578918785351728,1,2.49,2,wallet
C0418,2024-08-06,K16,Bandung,2,1,8.299331975051086,0,0.0,0,wallet
C0419,2024-10-29,K5,Denpasar,1,1,9.653267667866444,1,25.2,1,card
C0420,2024-05-11,K16,Bandung,1,0,17.093454252122037,1,7.87,1,cash
C0420,2024-09-02,K1,Surabaya,2,1,8.02005544995623,0,6.47,2,card
C0420,2024-07-05,K8,Surabaya,3,1,13.05782416597124,1,0.0,0,card
C0421,2024-02-29,K14,Denpasar,1,1,13.906764172901426,1,28.58,2,cash
C0422,2024-01-08,K19,Bandung,1,1,10.122499799622146,0,20.62,3,wallet
C0422,2024-06-15,K20,Bandung,2,0,5.849734862937679,0,13.71,2,wallet
C0422,2024-03-27,K7,Jakarta,3,1,18.300547661977436,1,0.0,0,card
C0422,2024-03-28,K17,Surabaya,4,1,10.046471930437859,0,2.75,2,cash
C0423,2024-11-04,K17,Surabaya,1,1,9.396757921658653,0,10.08,1,card
C0423,2024-09-14,K6,Denpasar,2,0,4.404951373356886,1,0.0,0,wallet
C0424,2024-06-04,K5,Surabaya,1,1,10.934969192023262,1,21.19,2,cash
C0425,2024-10-19,K16,Surabaya,1,0,10.230481224934785,1,13.02,1,cash
C0426,2024-06-02,K14,Medan,1,0,12.880524880154539,1,0.0,0,cash
C0426,2024-03-31,K17,Jakarta,2,0,9.366306365049418,0,9.79,2,card
C0426,2024-02-05,K19,Denpasar,3,1,11.716939563677716,1,20.62,1,wallet
C0426,2024-01-16,K6,Bandung,4,1,13.742853721475365,1,13.76,3,wallet
C0426,2024-09-21,K9,Denpasar,5,0,18.08685811778636,1,17.67,2,card
C0427,2024-07-17,K15,Denpasar,1,1,12.269157759337247,0,33.26,3,card
C0428,2024-12-23,K12,Jakarta,1,1,12.60922232066227,0,25.17,2,cash
C0428,2024-03-18,K13,Surabaya,2,1,9.505063720104442,1,4.16,1,cash
C0429,2024-01-29,K12,Bandung,1,1,15.350248359077618,0,0.48,2,card
C0430,2024-06-04,K2,Surabaya,1,1,11.069961528539519,1,0.0,0,card
C0430,2024-11-24,K16,Bandung,2,0,16.72104323292998,0,12.74,3,cash
C0430,2024-03-26,K19,Jakarta,3,1,18.951665917660854,1,4.62,2,cash
C0430,2024-04-15,K15,Medan,4,1,13.041911562598106,0,20.04,2,card
C0431,2024-12-21,K18,Jakarta,1,0,11.298584833213159,0,5.67,2,cash
C0432,2024-08-14,K16,Bandung,1,1,9.374207346508697,0,0.0,0,cash
C0433,2024-02-29,K4,Denpasar,1,1,6.571261446092253,1,0.0,0,card
C0433,2024-08-02,K10,Bandung,2,1,10.712956964075195,1,8.53,1,cash
C0434,2024-11-30,K7,Surabaya,1,0,11.485626769369608,0,7.99,3,cash
C0434,2024-07-11,K6,Surabaya,2,1,7.767510985655464,0,18.05,3,card
C0435,2024-06-11,K17,Bandung,1,1,14.375285738446012,0,12.91,1,cash
C0435,2024-03-07,K10,Bandung,2,1,14.883179035017832,0,15.27,2,cash
C0435,2024-09-18,K3,Jakarta,3,1,14.995474851126367,1,0.0,0,cash
C0435,2024-10-05,K15,Surabaya,4,0,15.070960781209926,1,8.15,3,card
C0435,2024-11-17,K9,Surabaya,5,0,10.286207534565857,1,0.0,0,card
C0436,2024-03-31,K19,Bandung,1,0,21.902920592048943,1,15.61,2,cash
C0437,2024-06-23,K20,Surabaya,1,0,17.949380858409306,0,9.42,2,wallet
C0437,2024-01-13,K14,Bandung,2,0,13.559218160159503,0,3.64,2,card
C0438,2024-02-09,K1,Jakarta,1,1,12.151370772476525,1,4.32,3,cash
C0438,2024-03-26,K14,Surabaya,2,1,6.24658209354112,0,2.1,1,cash
C0439,2024-06-26,K4,Medan,1,1,18.109090097246792,0,8.33,2,card
C0440,2024-04-19,K8,Jakarta,1,1,14.691941942986787,0,0.0,0,card
C0440,2024-08-23,K11,Denpasar,2,1,17.933456913015235,1,6.82,3,card
C0440,2024-03-12,K10,Denpasar,3,1,2.0,1,18.56,1,card
C0441,2024-05-01,K1,Jakarta,1,1,7.611913215685474,0,4.47,1,wallet
C0442,2024-05-19,K6,Denpasar,1,0,18.59164943969561,1,4.08,3,card
C0443,2024-10-16,K19,Surabaya,1,1,12.826200250324625,0,0.0,0,cash
C0443,2024-11-09,K18,Medan,2,0,18.21577705931204,0,8.41,1,cash
C0443,2024-05-16,K13,Jakarta,3,1,25.551658221674465,1,20.35,1,cash
C0443,2024-06-12,K9,Medan,4,1,14.599355090509558,0,0.0,0,card
C0444,2024-05-14,K14,Surabaya,1,1,13.584760034920578,0,8.48,3,cash
C0444,2024-06-13,K4,Denpasar,2,1,23.588183943369394,1,3.56,2,card
C0444,2024-06-05,K16,Surabaya,3,1,3.3796909456598225,0,38.88,3,card
C0445,2024-10-04,K14,Denpasar,1,1,10.547792589944253,1,0.0,0,wallet
C0445,2024-06-22,K12,Medan,2,0,14.220725855436287,0,0.0,0,cash
C0446,2024-07-03,K7,Denpasar,1,1,12.298459402898681,0,9.65,3,cash
C0446,2024-12-22,K5,Denpasar,2,0,9.253859302523008,0,13.65,3,card
C0447,2024-08-02,K11,Jakarta,1,1,7.822948588040876,1,0.0,0,card
C0448,2024-05-06,K20,Denpasar,1,1,7.32878821450005,0,13.78,2,wallet
C0448,2024-03-20,K9,Denpasar,2,1,14.255324408187784,1,8.8,1,cash
C0449,2024-09-01,K20,Medan,1,0,11.526964816050864,0,10.28,3,wallet
C0450,2024-06-06,K8,Jakarta,1,1,9.500802012991679,1,1.51,2,cash
C0451,2024-12-19,K13,Denpasar,1,1,10.366762184056942,1,4.8,1,cash
C0451,2024-10-06,K2,Medan,2,0,7.724522627953975,0,3.4,1,card
C0452,2024-02-16,K10,Denpasar,1,1,18.9590294580955,1,6.72,1,cash
C0452,2024-12-03,K13,Surabaya,2,1,7.490036752784013,0,43.88,1,cash
C0452,2024-04-23,K11,Bandung,3,1,5.399614061313492,0,0.0,0,cash
C0453,2024-01-19,K7,Jakarta,1,1,12.833189476559193,0,6.89,2,card
C0453,2024-06-22,K3,Jakarta,2,0,17.299750848811883,0,0.0,0,wallet
C0454,2024-01-14,K4,Surabaya,1,0,14.875539104948853,0,7.51,2,wallet
C0454,2024-03-23,K16,Jakarta,2,0,10.60813516196053,1,8.9,1,wallet
C0454,2024-09-23,K14,Surabaya,3,1,2.0,0,21.95,3,wallet
C0454,2024-11-23,K16,Jakarta,4,0,14.940422998722514,0,0.0,0,card
C0455,2024-09-14,K19,Bandung,1,0,17.29294417907998,1,1.6,2,wallet
C0455,2024-04-17,K14,Surabaya,2,1,8.29862854495623,1,0.0,0,card
C0455,2024-07-18,K13,Medan,3,1,11.095294768444411,1,8.69,3,card
C0455,2024-05-31,K13,Surabaya,4,1,12.379308084575609,1,0.0,0,card
C0455,2024-03-12,K16,Medan,5,1,12.11734661146308,1,15.13,3,wallet
C0456,2024-01-06,K3,Jakarta,1,0,8.731614731259711,1,3.92,1,cash
C0457,2024-04-04,K14,Jakarta,1,1,19.458910817120298,0,0.0,0,cash
C0457,2024-05-03,K20,Jakarta,2,1,4.13681242616873,0,5.59,1,card
C0457,2024-01-23,K20,Medan,3,1,21.83268214132655,1,5.21,2,cash
C0458,2024-12-08,K14,Surabaya,1,0,14.334587183952003,0,0.0,0,card
C0459,2024-10-03,K13,Surabaya,1,1,14.902838435178074,1,10.61,2,card
C0459,2024-11-15,K4,Medan,2,1,5.407909299368054,0,12.93,2,wallet
C0459,2024-02-15,K5,Medan,3,1,12.276280491433383,0,5.58,2,wallet
C0459,2024-06-26,K15,Denpasar,4,1,17.154596691834534,0,6.47,1,cash
C0459,2024-02-04,K12,Bandung,5,0,18.174395086931685,0,9.68,3,cash
C0460,2024-03-19,K9,Denpasar,1,1,8.494106740381785,0,7.48,2,card
C0460,2024-03-15,K19,Surabaya,2,1,4.2348236108008965,1,5.16,3,wallet
C0460,2024-02-05,K9,Denpasar,3,1,4.982206852181687,1,0.0,0,cash
C0461,2024-10-30,K11,Bandung,1,1,15.852505091960507,0,2.81,3,cash
C0461,2024-08-31,K11,Denpasar,2,0,13.125289426289696,0,0.0,0,card
C0461,2024-03-17,K5,Medan,3,0,7.592831473865022,1,8.73,3,cash
C0461,2024-06-21,K2,Jakarta,4,1,17.02336135038098,0,8.93,1,cash
C0462,2024-05-02,K12,Bandung,1,1,7.18267634847655,0,23.68,3,card
C0462,2024-10-26,K9,Medan,2,0,9.977810737622718,1,1.24,2,card
C0462,2024-10-06,K10,Surabaya,3,0,13.261745968404101,1,0.0,0,cash
C0462,2024-10-04,K11,Jakarta,4,1,17.76751424890772,1,0.0,0,wallet
C0463,2024-08-23,K12,Medan,1,1,18.624157660111337,1,18.32,1,wallet
C0464,2024-04-25,K1,Medan,1,1,14.648214502509378,0,0.0,0,cash
C0464,2024-12-02,K14,Bandung,2,1,14.560642433471397,1,4.13,3,cash
C0465,2024-02-22,K7,Bandung,1,1,16.4262816043298,1,6.36,3,cash
C0465,2024-09-06,K14,Jakarta,2,1,11.08919708071038,1,0.0,0,card
C0465,2024-03-22,K16,Jakarta,3,1,13.406058412920327,0,0.0,0,card
C0466,2024-09-01,K14,Jakarta,1,0,5.269296387098972,1,9.91,3,cash
C0466,2024-07-11,K15,Medan,2,1,13.942114471564324,0,0.0,0,card
C0467,2024-10-07,K6,Medan,1,1,15.411105404564148,0,0.0,0,card
C0468,2024-10-23,K4,Jakarta,1,1,9.455117358046483,1,0.0,0,card
C0468,2024-03-08,K20,Bandung,2,1,2.0,1,0.0,0,card
C0468,2024-05-10,K7,Bandung,3,1,15.413956430605639,1,18.77,1,cash
C0469,2024-01-28,K1,Jakarta,1,0,19.641657817431227,0,23.52,3,card
C0470,2024-07-12,K10,Jakarta,1,1,15.16108157015925,0,12.47,3,cash
C0470,2024-05-05,K12,Denpasar,2,0,18.9287387964231,0,0.0,0,card
C0471,2024-10-06,K1,Medan,1,0,4.507105013865047,1,8.25,3,cash
C0471,2024-01-23,K8,Jakarta,2,1,15.11472015206654,0,23.76,1,card
C0472,2024-07-25,K7,Bandung,1,1,3.738786613232552,1,13.2,2,cash
C0473,2024-12-24,K5,Medan,1,1,16.834783226724085,0,0.0,0,wallet
C0473,2024-09-23,K11,Medan,2,1,16.264221350471708,0,19.23,2,wallet
C0473,2024-04-05,K14,Jakarta,3,1,8.501871006421721,0,5.63,2,card
C0474,2024-04-18,K6,Jakarta,1,1,7.048685148690907,0,2.72,3,card
C0474,2024-05-21,K8,Bandung,2,1,6.51900238216239,0,0.0,0,cash
C0474,2024-02-19,K19,Bandung,3,1,16.37746818476338,0,1.12,3,card
C0474,2024-09-05,K19,Denpasar,4,1,11.592176203539113,0,0.0,0,cash
C0474,2024-12-28,K8,Surabaya,5,0,12.718743004496451,0,0.0,0,cash
C0475,2024-12-22,K2,Denpasar,1,0,23.610266968488446,1,20.39,3,cash
C0476,2024-02-29,K14,Denpasar,1,1,6.979601835224862,0,3.93,2,cash
C0476,2024-03-13,K5,Jakarta,2,1,20.33376564271835,1,16.04,3,card
C0477,2024-07-21,K18,Bandung,1,0,13.536105221478449,0,0.0,0,wallet
C0477,2024-07-31,K6,Surabaya,2,1,12.642255336231464,0,0.0,0,cash
C0477,2024-05-25,K6,Medan,3,0,19.24205835061195,1,5.07,1,cash
C0477,2024-09-11,K19,Denpasar,4,1,16.07025398666661,0,13.58,3,card
C0478,2024-01-27,K18,Medan,1,0,12.16906411197404,1,0.67,1,card
C0478,2024-07-23,K2,Surabaya,2,1,9.614971408393217,0,13.76,1,cash
C0478,2024-02-12,K16,Medan,3,1,9.767357639627932,1,14.74,2,card
C0479,2024-10-26,K6,Bandung,1,0,6.1716324477414854,1,0.0,0,card
C0479,2024-03-08,K20,Medan,2,1,9.216410510714185,0,1.9,1,cash
C0480,2024-07-11,K14,Denpasar,1,1,9.820492654547834,1,2.38,3,cash
C0480,2024-04-10,K20,Surabaya,2,1,18.364576175525812,0,5.83,2,cash
C0480,2024-09-20,K12,Surabaya,3,1,10.42939326372565,0,7.9,3,card
C0480,2024-04-10,K9,Medan,4,1,14.286415240216009,0,15.31,1,card
C0480,2024-01-01,K15,Jakarta,5,1,12.910530160286633,0,11.53,1,card
C0481,2024-07-25,K10,Jakarta,1,1,3.4702045255463236,1,29.84,2,card
C0482,2024-03-11,K9,Jakarta,1,1,8.802969820627393,0,0.0,0,card
C0482,2024-04-01,K7,Jakarta,2,1,10.79664221249875,0,4.95,1,wallet
C0483,2024-11-11,K2,Bandung,1,1,7.756518506117391,0,0.0,0,wallet
C0484,2024-08-11,K18,Bandung,1,0,18.997089633269415,0,4.18,3,cash
C0485,2024-05-26,K15,Bandung,1,0,14.396250479483626,1,29.67,2,wallet
C0486,2024-03-18,K18,Surabaya,1,1,14.955243524246749,0,9.02,1,wallet
C0486,2024-01-10,K1,Medan,2,1,5.30123873156997,0,1.64,1,card
C0486,2024-10-25,K20,Bandung,3,1,17.796342692388517,0,7.96,1,cash
C0486,2024-12-05,K8,Denpasar,4,1,10.106668569860245,0,0.0,0,card
C0486,2024-07-20,K1,Jakarta,5,0,6.568040610612267,1,11.08,1,cash
C0487,2024-07-31,K13,Jakarta,1,1,14.677293737048167,0,12.01,1,wallet
C0488,2024-08-11,K5,Medan,1,0,10.376835728195616,1,18.83,1,card
C0489,2024-02-15,K3,Jakarta,1,1,17.171800490072798,0,12.4,2,cash
C0489,2024-02-28,K9,Denpasar,2,1,19.342546378637465,1,16.21,2,cash
C0489,2024-11-13,K14,Denpasar,3,1,7.63757545302495,0,0.0,0,card
C0490,2024-01-11,K2,Medan,1,1,4.786426069986438,1,3.84,2,cash
C0490,2024-06-11,K13,Denpasar,2,1,20.488118898546706,0,13.17,2,card
C0491,2024-01-20,K16,Surabaya,1,0,9.708059615731566,1,0.0,0,cash
C0492,2024-05-06,K3,Denpasar,1,1,12.03010567908346,0,0.0,0,wallet
C0492,2024-09-21,K2,Jakarta,2,0,15.944421037743211,1,10.46,1,cash
C0492,2024-08-09,K16,Surabaya,3,1,11.7049207194464,1,0.0,0,wallet
C0492,2024-07-10,K5,Jakarta,4,1,21.256700597455392,1,0.0,0,card
C0492,2024-10-04,K18,Bandung,5,1,10.455031158147564,0,4.35,2,wallet
C0493,2024-01-18,K3,Bandung,1,1,15.148697572043691,1,1.64,3,cash
C0493,2024-05-11,K18,Denpasar,2,0,2.0,0,0.0,0,card
C0494,2024-11-19,K13,Surabaya,1,1,18.241881820990926,1,0.0,0,card
C0495,2024-12-09,K15,Jakarta,1,1,10.443895512457235,0,5.97,2,cash
C0495,2024-10-23,K11,Denpasar,2,1,10.568086649133065,1,18.14,1,wallet
C0495,2024-04-24,K18,Surabaya,3,1,24.317784660661296,0,0.0,0,card
C0495,2024-03-22,K16,Denpasar,4,1,11.45546752430834,0,0.0,0,wallet
C0496,2024-08-17,K4,Denpasar,1,0,3.739748661971687,1,0.0,0,wallet
C0496,2024-08-07,K13,Surabaya,2,1,8.115455355538142,1,25.72,3,cash
C0497,2024-11-01,K11,Bandung,1,1,5.596060916663949,0,2.95,1,wallet
C0497,2024-12-13,K10,Surabaya,2,1,9.788855370612556,0,4.15,2,cash
C0497,2024-03-02,K18,Medan,3,0,9.783408488073256,1,15.05,3,cash
C0498,2024-05-01,K20,Medan,1,1,23.529732929838698,1,2.62,1,card
C0498,2024-11-27,K8,Medan,2,1,13.012490035972595,0,2.17,2,card
C0498,2024-12-12,K9,Bandung,3,1,6.716071834250589,0,3.23,3,wallet
C0498,2024-12-02,K11,Surabaya,4,1,16.35777983144071,1,15.25,1,cash
C0498,2024-07-04,K15,Surabaya,5,1,12.344262889252759,0,10.63,2,cash
C0499,2024-08-02,K20,Jakarta,1,1,17.68930857154517,0,0.0,0,cash
C0499,2024-11-19,K1,Bandung,2,1,5.072338763080764,0,0.0,0,card
C0499,2024-11-28,K12,Medan,3,1,10.395864016646954,0,8.03,1,cash
C0499,2024-02-10,K15,Jakarta,4,0,17.538605479912242,1,12.13,2,card
C0500,2024-01-05,K7,Jakarta,1,1,16.689135069510286,0,12.55,3,cash
C0500,2024-06-01,K6,Surabaya,2,0,7.15431756106066,0,0.0,0,wallet
